date,mean_temp,max_temp,min_temp,humidity,mean_rain_fall,mean_wind,cases
16/12/2016,28.69,34.3,24.7,75.55,0,4.16,9
17/12/2016,27.34,31.9,23.4,83.67,0.04,4.51,11
18/12/2016,26.86,32.6,22.7,81.61,0.06,4.66,7
19/12/2016,28.08,33.4,24.2,77.74,0.01,5.63,15
20/12/2016,28.25,34.1,24.4,73.51,0,6.48,11
21/12/2016,28.66,34.9,24.4,71.77,0,5.53,12
22/12/2016,26.94,33.4,22.7,83.33,0.08,4.08,11
23/12/2016,27.2,32.5,22.8,83.13,0.09,3.97,11
24/12/2016,26.79,33.6,23.2,84.95,0.12,4.72,5
25/12/2016,26.97,33.8,23,82.93,0.05,5.03,6
26/12/2016,26.91,31.9,23.7,80.91,0,5.31,4
27/12/2016,26.44,30.9,23.9,82.6,0.02,5.23,16
28/12/2016,25.77,28.7,23.1,84.09,0.01,5.27,10
29/12/2016,27.67,32.5,23.9,74.54,0,4.71,7
30/12/2016,27.13,35,23.9,78.16,0.02,5.36,14
31/12/2016,26.92,31.1,23.9,81.75,0,4.14,7
01/01/2017,27.17,32.4,23.8,84.79,0.05,4.82,5
02/01/2017,26.54,31.4,24,88.48,0.04,3.69,12
03/01/2017,26.77,31.4,24.1,85.7,0.01,4.06,5
04/01/2017,27.11,31.8,23.3,79.48,0.01,4.75,12
05/01/2017,28.01,33.7,23,72.92,0.01,4.29,4
06/01/2017,28.68,34.5,24.9,75.67,0,3.97,8
07/01/2017,29.48,35.2,25.1,71.86,0,4.04,12
08/01/2017,29.5,35.6,25,72.67,0,4.18,8
09/01/2017,28.97,35.5,25.4,77.31,0,5.08,1
10/01/2017,28.46,34.3,24.5,78.98,0.03,5,5
11/01/2017,27.66,33.9,21.5,80.42,0.04,4.68,7
12/01/2017,28.25,33.4,24.1,73.91,0,4.23,7
13/01/2017,28.07,34,24.1,77.94,0,4.28,13
14/01/2017,28.1,32.4,23.9,76.8,0,4.11,12
15/01/2017,28.16,33.7,24.3,77.06,0,4.42,8
16/01/2017,28.01,33,23.6,75.17,0,4.78,13
17/01/2017,28.05,34.2,24,75.73,0,3.93,8
18/01/2017,26.96,34,22.1,79.57,0.07,4.41,15
19/01/2017,26.88,34.3,22.5,81.79,0.1,3.91,14
20/01/2017,26.48,31.4,23.1,84.29,0.01,4.45,10
21/01/2017,26.82,32,22.7,84.35,0.08,4.58,11
22/01/2017,26.75,31.4,23.6,83.4,0.05,5.71,7
23/01/2017,25.23,28.4,23.2,92.45,0.24,4.11,14
24/01/2017,24.23,25.9,22.9,93.67,0.05,4.52,16
25/01/2017,26.01,30.4,22.4,82.18,0.02,4.64,10
26/01/2017,27.29,32.3,23.4,80.19,0.01,4.99,8
27/01/2017,27.53,32,24.3,79.08,0,6.81,7
28/01/2017,26.4,30.3,23.5,80.94,0.01,5.57,7
29/01/2017,26.66,29.4,23.5,80.73,0,4.91,3
30/01/2017,26.3,30.3,23.4,85.01,0.02,4.8,11
31/01/2017,27.21,31.6,24.5,77.97,0,5.5,10
01/02/2017,27.36,32.3,23.5,75.71,0,4.87,7
02/02/2017,27.36,32.5,24,78.05,0.01,3.99,14
03/02/2017,27.65,34.7,23.4,78.48,0.05,4.88,7
04/02/2017,27.16,33.4,23.7,82.64,0.04,4.28,6
05/02/2017,27.58,33.9,23.3,79.73,0.01,4.77,6
06/02/2017,27.97,34.8,24.2,77.88,0,5.03,12
07/02/2017,26.63,31.5,23.2,83.77,0.04,4.55,6
08/02/2017,26.75,32.9,23.4,81.7,0.1,4.15,5
09/02/2017,27.73,32.6,23.2,71.35,0,4.49,7
10/02/2017,27.92,33.9,23.6,72.28,0,6.41,6
11/02/2017,27.57,32.6,24.3,73.77,0,7.74,9
12/02/2017,26.47,30.8,23.5,81.61,0.01,7.22,5
13/02/2017,26.68,30.7,23.5,81.81,0.01,7.3,9
14/02/2017,26.83,31.3,23.3,79.83,0.01,8.19,8
15/02/2017,25.82,30.7,22.5,82.34,0.03,6.67,15
16/02/2017,26.86,30.8,23.6,76.92,0,6.75,5
17/02/2017,27.42,32.7,23.6,75.39,0,6.29,8
18/02/2017,27.2,32.6,24.4,80.71,0,6.48,6
19/02/2017,27.84,32.9,24.7,78.1,0,6.44,4
20/02/2017,27.77,33,24,78.33,0,5.73,8
21/02/2017,27.37,33.1,23,81.07,0.03,4.62,9
22/02/2017,27.75,33.4,24.2,79.42,0,4.47,7
23/02/2017,27.15,33.2,23.1,81.12,0.04,3.8,8
24/02/2017,25.21,29.8,23.3,91.2,0.07,4.11,7
25/02/2017,26.84,34,23.1,82.16,0.02,3.95,4
26/02/2017,27.49,33.2,24.5,81.31,0.01,4.84,1
27/02/2017,27.55,32.1,23.9,79.15,0,5.68,7
28/02/2017,26.99,31.6,24.1,84.4,0.04,5.92,6
01/03/2017,25.29,28.8,22.9,88.85,0.1,4.63,13
02/03/2017,27.05,32.1,23.7,81.02,0,6.04,7
03/03/2017,26.39,30.4,22.7,86.23,0.06,5.61,8
04/03/2017,25.72,29,23.4,90.46,0.02,3.68,7
05/03/2017,27.1,32.4,23.7,81.83,0.02,4.85,7
06/03/2017,27.05,33.9,23.7,81.74,0.04,4.57,6
07/03/2017,27.26,33.6,23.4,79.18,0.01,4.17,13
08/03/2017,27.55,33.2,24.1,77.16,0,5.79,15
09/03/2017,27.48,33.1,23.7,74.83,0,6.27,8
10/03/2017,27.45,32.8,23.6,76.28,0,5.59,5
11/03/2017,27.65,33.4,23.6,78.18,0.03,4.94,12
12/03/2017,26.88,31.8,23.1,81.17,0.04,3.48,2
13/03/2017,28.12,35.4,24.2,79.79,0.01,4.09,5
14/03/2017,27.07,30.9,23.7,82.75,0.01,4.64,12
15/03/2017,28.85,36.1,24.1,71.97,0,3.85,6
16/03/2017,28.44,35.1,23.4,77,0.01,5.09,4
17/03/2017,27.33,33.8,24.1,81.29,0.03,3.58,5
18/03/2017,28.13,34.6,23.6,77.52,0.02,3.96,0
19/03/2017,28.29,34.5,23.9,76.84,0.01,3.75,3
20/03/2017,26.95,30.3,23.7,82.42,0.03,4.02,7
21/03/2017,28.24,35.2,23.8,74.92,0.01,4.47,6
22/03/2017,27.87,34.1,23.2,79.45,0.03,4.51,5
23/03/2017,28.85,35.5,24.4,75.46,0,4.74,5
24/03/2017,28.47,33.4,24.8,76.09,0,4.5,4
25/03/2017,27.95,34.4,23.5,79.32,0.06,3.99,2
26/03/2017,28.94,35.3,24.8,76.84,0,4.49,6
27/03/2017,28.86,33.6,24.4,77.25,0,4.29,5
28/03/2017,27.03,30,23.7,85.86,0.01,3.67,7
29/03/2017,27.21,33.7,22.1,83.04,0.03,3.22,3
30/03/2017,25.99,31.2,23.3,87.27,0.04,3.55,9
31/03/2017,27.41,33.4,23.9,82.8,0.02,3.04,10
01/04/2017,27.02,32.5,23.7,85.36,0.02,3.35,12
02/04/2017,27.61,33.3,23.8,81.22,0,4.54,6
03/04/2017,27.56,31.9,23.3,82.49,0.03,3.93,7
04/04/2017,28.41,34.4,23.3,77.56,0.02,4.89,4
05/04/2017,28.86,33.9,23,73.64,0,5.66,8
06/04/2017,29.04,34.6,25,74.96,0.01,4.17,6
07/04/2017,28.07,34.9,22.3,77.87,0.06,4.53,11
08/04/2017,27.16,30.3,23.8,83.89,0.01,3.23,9
09/04/2017,28.01,34.7,24.5,81.25,0.01,3.2,10
10/04/2017,27.67,32.8,24,84.79,0.01,3.45,15
11/04/2017,28.9,34.1,25.1,78.25,0.01,4.05,5
12/04/2017,28.22,32.9,23.1,82.28,0.05,3.51,5
13/04/2017,27.17,31,23.3,86.52,0.04,3.55,4
14/04/2017,27.47,33.1,23.8,84.96,0.05,3.39,2
15/04/2017,27.95,33.7,23.8,80.57,0.03,3.9,5
16/04/2017,28.35,34.5,24.3,79.42,0.01,3.2,1
17/04/2017,28.77,34.8,22.7,79.09,0.04,3.72,9
18/04/2017,27.13,35.2,22.3,85.61,0.11,3.21,10
19/04/2017,27.98,35.4,23.3,78.33,0,3,8
20/04/2017,27.97,33.6,24.1,82.66,0.03,3.19,8
21/04/2017,27.78,33,22.9,82.19,0.09,4.34,7
22/04/2017,28.39,31.8,24.7,80.45,0.02,4.06,8
23/04/2017,28.46,32.8,25.1,82.89,0.01,3.41,5
24/04/2017,27.68,33.2,23.7,86.13,0.04,3.37,2
25/04/2017,27.16,34.1,23.4,88.28,0.03,3.8,7
26/04/2017,27.42,31.8,24.3,84.97,0,5.3,8
27/04/2017,27.89,34.6,23.4,83.01,0.09,6.89,5
28/04/2017,27.68,32.9,22.8,80.68,0.05,5.94,3
29/04/2017,28.02,31.3,24.4,83,0,4.4,8
30/04/2017,28.83,34.9,24.9,79.19,0.01,5.4,3
01/05/2017,29.07,33.7,25.3,78.4,0,4.74,6
02/05/2017,28.08,31.6,24.6,82.98,0.03,4.58,8
03/05/2017,29.08,33.4,25.3,78.61,0,5.09,1
04/05/2017,28.74,32.8,23.5,81.23,0.03,4.86,5
05/05/2017,28.51,32.6,24.1,81.34,0.01,5.1,9
06/05/2017,28.4,33.6,23.5,80.01,0.02,5.11,14
07/05/2017,28.08,32.8,23.7,81.57,0.02,5.21,7
08/05/2017,28.58,33.4,24.8,78.65,0,6.13,8
09/05/2017,29.39,33.8,24.9,78.46,0.01,6.45,9
10/05/2017,27.37,30.7,23.9,88.48,0.03,4.49,6
11/05/2017,28.19,32.6,24.3,80.1,0,6.39,1
12/05/2017,28.38,32,24.7,82.38,0.05,5.75,6
13/05/2017,28.71,33.2,24.6,82.23,0.01,4.89,5
14/05/2017,29.27,33.2,24.6,80.31,0,6.01,4
15/05/2017,28.31,32.7,24.8,86.37,0.04,5.91,6
16/05/2017,28.92,33.4,25.2,80.84,0.01,6.62,6
17/05/2017,30.01,34.8,26,77.67,0,7.38,14
18/05/2017,29.55,34,25.1,80.14,0.01,7.44,3
19/05/2017,29.38,33.1,25.8,78.93,0,6.39,14
20/05/2017,29.74,34.1,26.6,77.99,0,5.98,4
21/05/2017,28.36,33.5,24.1,84.7,0.05,5.98,4
22/05/2017,28.34,32.9,22.2,84.14,0.09,6.49,12
23/05/2017,29.71,34,26.8,77.53,0,6.93,6
24/05/2017,26.74,30.3,23.2,90.76,0.13,5.61,4
25/05/2017,28.29,33.3,24.9,84.98,0,5.31,15
26/05/2017,27.41,33.2,23.4,89.32,0.07,6.24,5
27/05/2017,28.26,34,24.7,87.08,0,4.37,5
28/05/2017,29.02,32.8,25.9,82.63,0,6.06,6
29/05/2017,29.35,33.8,25.3,81.05,0,6.57,11
30/05/2017,26.84,30.7,22.9,87.61,0.09,5.49,7
31/05/2017,28.65,35.9,23,76.26,0.15,6.81,16
01/06/2017,28.08,33,23.9,78.27,0.02,5.95,14
02/06/2017,29.31,33.7,25.7,75.98,0,6.05,12
03/06/2017,29.94,34.6,26.2,74.77,0,6.67,8
04/06/2017,30.22,34.5,26.8,76.83,0,7.16,5
05/06/2017,30.16,34.2,26.5,77.77,0,6.38,5
06/06/2017,29.87,34.1,26.3,77.28,0,6.24,5
07/06/2017,29.89,35.4,25.7,76.06,0,6.24,10
08/06/2017,29.68,34.9,25.4,78.41,0.01,6.64,5
09/06/2017,30.03,34.4,26.1,75.86,0,6.84,3
10/06/2017,28.97,34.5,23.4,79.91,0.04,6.58,8
11/06/2017,28.28,32.9,24.4,80.04,0,6.38,17
12/06/2017,29.54,34,26.4,73.67,0,5.83,5
13/06/2017,29.52,34.7,25.1,77.98,0,6.39,10
14/06/2017,27.93,32.8,23.2,78.06,0.08,6.05,8
15/06/2017,29.21,35.7,25.6,75.44,0,4.96,15
16/06/2017,28.66,34.3,24.7,79.62,0.02,5.13,8
17/06/2017,29.31,35.2,25.4,76.04,0,5.52,12
18/06/2017,27.27,31.5,23,86.22,0.11,6.99,3
19/06/2017,28.16,32.2,24.1,78.87,0,7.04,17
20/06/2017,29.21,33.7,24.6,73.98,0,4.91,11
21/06/2017,28.69,32.4,23,80.88,0.02,5.29,10
22/06/2017,29.04,32.3,25.5,80.03,0,4.96,16
23/06/2017,27.03,30.5,22.2,83.18,0.03,7.02,10
24/06/2017,28.57,32.8,24.3,73.14,0,5.21,7
25/06/2017,27.57,30.9,23.5,83.63,0.05,4.49,6
26/06/2017,28.08,33.8,23.7,79.43,0.01,5.14,10
27/06/2017,26.58,29.2,24.1,84.9,0.01,4.03,18
28/06/2017,27.55,33.5,22.9,83.48,0.05,4.38,10
29/06/2017,27.4,31.4,23.2,83.9,0.02,5.11,11
30/06/2017,28.7,33.8,24.2,76.16,0,6.37,10
01/07/2017,29.46,34,25.5,74.04,0,6.39,13
02/07/2017,28.82,34.2,24.7,79.78,0,5.38,15
03/07/2017,27.24,30.7,23.7,83.36,0.01,6.96,5
04/07/2017,28.48,32.9,23.7,76.72,0,5.86,7
05/07/2017,27.45,33.1,23,84.73,0.1,5.19,8
06/07/2017,28.06,32.2,24.4,80.05,0,6.65,14
07/07/2017,28.83,32.5,24.2,73.2,0,6.84,8
08/07/2017,28.23,33.1,23.9,78.92,0.02,6.26,15
09/07/2017,27.83,31.3,24.4,82.81,0,6.64,4
10/07/2017,29.13,33.9,24.4,73.53,0.021922261,5.34,7
11/07/2017,27.9,31,23.7,79.94,0.04,6.64,10
12/07/2017,26.39,29.1,22.3,87.31,0.021922261,6.69,10
13/07/2017,27.56,32.2,23.5,82.96,0.021922261,5.91,12
14/07/2017,26.35,29.4,22.7,89.3,0.14,4.53,6
15/07/2017,27.39,32.2,22.4,82.71,0.02,6.55,4
16/07/2017,28.56,32.4,25.9,76.69,0,10.47,4
17/07/2017,28.93,33.1,24.7,71.81,0,8.46,12
18/07/2017,28.71,32.5,24.6,76.98,0,7.77,5
19/07/2017,28.57,32.7,24.9,76.41,0,6.72,7
20/07/2017,28.6,32.6,25,79.89,0,6.19,11
21/07/2017,28.82,34.1,25.6,80.98,0,6.33,2
22/07/2017,29.59,34.2,26.5,75.2,0,7.44,4
23/07/2017,29.41,34.4,25.5,77.18,0,7.14,7
24/07/2017,29.28,33.2,25.7,76.17,0,8,11
25/07/2017,29.33,34,25.7,75.99,0,8.16,16
26/07/2017,28.68,31.4,24.4,79.62,0.01,7.82,5
27/07/2017,29.25,33.3,25,73.52,0,8.42,14
28/07/2017,29.57,33.8,26.5,73.66,0,7.34,11
29/07/2017,29.43,33.7,26,76.58,0,7.26,5
30/07/2017,29.47,34.5,26.1,78.26,0,7.39,5
31/07/2017,29.53,33.7,25.6,77.02,0,7.39,12
01/08/2017,29.45,33.6,24.9,78.14,0.01,7.33,6
02/08/2017,29.47,33.3,26.5,71.84,0,9.78,13
03/08/2017,29.34,33.4,25.8,68.61,0,9.13,2
04/08/2017,29.39,33.6,26.2,71.29,0,8.67,3
05/08/2017,29.58,34.1,26.9,74.98,0,8.99,6
06/08/2017,29.09,34.4,25.5,77.17,0.03,7.64,8
07/08/2017,28.56,31.7,25.3,80.56,0.01,6.65,8
08/08/2017,27.62,31.4,24.5,83.61,0.02,5.69,8
09/08/2017,27.56,31.8,23.9,79.53,0,7.67,3
10/08/2017,28.81,33.8,24.6,75.85,0,5.84,8
11/08/2017,27.08,31.9,22.7,85.75,0.1,5.01,1
12/08/2017,26.57,30.5,22.8,85.05,0.05,5.22,6
13/08/2017,27.04,30.3,24.4,84.89,0.01,5.85,4
14/08/2017,28.17,32.5,24.6,77.14,0,6.39,7
15/08/2017,26.69,30.9,21.7,82.11,0.05,5.28,12
16/08/2017,28.2,33.4,24.2,76.8,0,5.62,10
17/08/2017,27.3,33.5,22.7,83.1,0.13,6.19,8
18/08/2017,27.57,33.1,24,83.31,0.02,5.3,10
19/08/2017,28.44,34.4,24.2,80.59,0.01,6.74,6
20/08/2017,28.96,33.4,25.3,79.04,0,6.89,5
21/08/2017,28.85,33.9,24.9,80.19,0.01,6.6,6
22/08/2017,27.48,30.4,24.4,79.59,0.01,7.8,8
23/08/2017,28.94,33.3,25.1,75.42,0,4.969860602,9
24/08/2017,28.73,33.2,25.6,79.45767162,0.01,6.69,8
25/08/2017,28.4,32.3,24.5,79.43,0,6.7,9
26/08/2017,28.9,33.6,25.7,76.62,0,6.72,7
27/08/2017,27.79,32.7,24,81.97,0.02,6.68,1
28/08/2017,28.3,32.3,24.3,79.06,0,5.71,6
29/08/2017,26.96,30.4,23.3,84.26,0,5.29,8
30/08/2017,27.98,33.6,24.6,80.16,0,4.91,5
31/08/2017,28.94,33.7,24.7,75.62,0,6.76,6
01/09/2017,29.11,34,25.7,76.62,0,7.31,15
02/09/2017,29.18,34.3,25.2,75.17,0,6.87,12
03/09/2017,29.15,33.9,26.8,74.94,0,8.47,9
04/09/2017,28.03029936,33.21454027,23.93442623,76.91,0,5.82,3
05/09/2017,28.83,32.8,24.5,77.88,0.02,6.61,9
06/09/2017,27.07,30,23.8,83.39,0.06,4.96,12
07/09/2017,28.09,33,23.6,79.94,0.01,5.16,7
08/09/2017,27.49,34.3,23.5,82.97,0.05,5.41,4
09/09/2017,27.98,33.1,23.8,80.13,0.01,4.42,3
10/09/2017,27.88,32.4,24.5,82.92,0.01,4.6,13
11/09/2017,26.72,31.5,22.9,85.66,0.05,4.95,4
12/09/2017,28.03029936,33.21454027,23.93442623,77.16,0,5.14,0
13/09/2017,29.28,34.4,24.8,73.98,0,6.22,9
14/09/2017,28.36,33.1,23.6,78.5,0.02,5.34,11
15/09/2017,27.56,31.2,23.4,84.33,0.05,4.69,6
16/09/2017,27.34,31.6,21.9,79.32,0.05,6.18,4
17/09/2017,28.62,35.1,23.6,77.26,0.02,7.06,4
18/09/2017,26.88,33.4,22.1,84.59,0.08,4.64,13
19/09/2017,26.6,31.7,23.6,85.99,0.03,4.5,13
20/09/2017,27.2,31.6,23.8,82.6,0.03,6.79,3
21/09/2017,26.96,31.7,23.1,76.53,0.02,5.52,10
22/09/2017,28.58,33.5,24.2,75.36,0.01,5.28,6
23/09/2017,28.81,33.2,23.7,76.43,0.01,6.28,6
24/09/2017,28.03029936,33.21454027,23.93442623,76.02,0.03,5.93,2
25/09/2017,28.85,33.7,24.1,75.11,0,5.27,5
26/09/2017,27.66,34.6,23,82.51,0.05,4.59,7
27/09/2017,28.03029936,33.21454027,23.93442623,80.52,0,4.58,2
28/09/2017,28.27,33.3,24.1,78.21,0.01,4.12,9
29/09/2017,27.46,31.8,22.7,80.91,0.07,5.18,8
30/09/2017,27.81,31.5,24.5,79.16,0,6.42,6
01/10/2017,27.2,31.3,24.6,86.89,0.03,4.57,14
02/10/2017,27.82,33.7,24.1,79.91,0,4.969860602,9
03/10/2017,27.56,32.9,24.3,85.41,0.03,4.38,5
04/10/2017,26.05,29.3,22.6,86.72,0.03,5.04,5
05/10/2017,27.5,33.4,23.6,80.22,0.02,5,6
06/10/2017,28.08,34.5,23.4,80.22,0.05,4.969860602,4
07/10/2017,27.67,34.3,22.8,81.84,0.05,4.76,10
08/10/2017,27.33,33.5,24,84.78,0.06,4.79,8
09/10/2017,28.22,33.8,23.2,78.39,0.06,6.25,4
10/10/2017,27.91,33.3,23.4,80.41,0.04,6.28,5
11/10/2017,28.23,33.4,22.8,77.93,0.03,4.969860602,5
12/10/2017,27.15,30.5,22.9,85.69,0.09,5.2,2
13/10/2017,27.2,31.7,23.6,80.99,0.01,5.96,7
14/10/2017,29.24,33.6,24.8,71.47,0,5.93,4
15/10/2017,29.81,35,24.6,72.07,0,4.99,7
16/10/2017,28.76,34,23.9,75.9,0,6.07,10
17/10/2017,29.96,35.8,25.6,68.14,0,5.33,11
18/10/2017,30.2,35.8,25.8,71.34,0,5.52,5
19/10/2017,29.95,34.7,25.7,70.02,0,5.36,13
20/10/2017,29.93,35.1,25.2,69.14,0,5.42,11
21/10/2017,29.73,35.4,24.7,79.45767162,0.01,5.37,7
22/10/2017,28.76,33.3,24.6,77.9,0,5.58,8
23/10/2017,28.57,32.1,22.9,79.07,0.01,4.969860602,10
24/10/2017,28.04,32.7,23.9,79.45767162,0.02,4.24,10
25/10/2017,28.3,35.3,23.5,77.44,0.01,5.04,21
26/10/2017,28.32,34,24,79.83,0.01,5.32,13
27/10/2017,27.84,32,24.2,80,0.01,4.73,9
28/10/2017,28.77,34.6,24,72.45,0,4.969860602,6
29/10/2017,27.27,32.9,23.7,80.87,0.02,4.69,7
30/10/2017,26.91,30.4,23.9,85.5,0.09,4.9,14
31/10/2017,26.44,30.8,23,87.69,0.01,4.8,10
01/11/2017,27.67,33.7,23.8,79.45767162,0,4.59,19
02/11/2017,27.95,32.5,24.1,79.96,0,4.84,10
03/11/2017,28.06,33.1,22.9,79.81,0.06,6.07,2
04/11/2017,27.4,33.1,23.4,83.15,0.03,5.53,8
05/11/2017,28.14,33.2,24.1,79.45767162,0.01,5.49,8
06/11/2017,26.77,35.1,19.1,85.69,0.17,4.63,6
07/11/2017,26.98,31.4,23,86.86,0.02,4.38,7
08/11/2017,28.03029936,33.21454027,23.93442623,83.31,0.02,7.26,11
09/11/2017,28.03029936,33.21454027,23.93442623,85.16,0.1,5.66,5
10/11/2017,26.24,33.1,22.8,86.13,0.07,4.75,8
11/11/2017,26.12,31.7,23.7,90.08,0.05,4.41,7
12/11/2017,27.41,32,23.8,83.51,0.02,4.969860602,9
13/11/2017,27.82,34.1,24.1,83.41,0.02,5.52,11
14/11/2017,26.05,28.9,22.7,90.12,0.19,4.969860602,5
15/11/2017,28.03029936,33.21454027,23.93442623,81.19,0,5.19,6
16/11/2017,28.21,34.3,24.5,82.4,0.02,5.09,10
17/11/2017,28.03029936,33.21454027,23.93442623,86.01,0.03,6.21,10
18/11/2017,28.03029936,33.21454027,23.93442623,83.43,0.04,4.87,8
19/11/2017,28.31,33.3,24.4,80.61,0,4.969860602,2
20/11/2017,27.79,32.1,23.8,83.77,0.02,5.69,9
21/11/2017,26.37,29.4,22.3,89.94,0.03,4.46,1
22/11/2017,27.59,34.7,22.6,82.46,0.04,4.94,2
23/11/2017,28.03029936,33.21454027,23.93442623,79.45767162,0.04,4.969860602,2
24/11/2017,26.62,30.8,23.5,86.55,0.02,6.05,6
25/11/2017,27.45,32.9,24.1,83.55,0.06,4.969860602,0
26/11/2017,26.96,32,23.6,87.22,0.01,4.969860602,2
27/11/2017,26.17,28,24.5,88.64,0.01,4.969860602,9
28/11/2017,27.08,32.1,24.2,83.02,0.01,4.969860602,5
29/11/2017,27.33,31.4,24.2,83.89,0.02,4.969860602,6
30/11/2017,28.05,32.5,24.2,79.45767162,0,4.969860602,4
01/12/2017,28.69,35.4,24.6,75.37,0,4.969860602,15
02/12/2017,28.03029936,33.21454027,23.93442623,77.62,0,4.969860602,4
03/12/2017,28.85,33.2,25.4,80.01,0,4.969860602,4
04/12/2017,28.1,33.6,24.5,84.71,0.01,4.969860602,5
05/12/2017,28.74,35.1,24.8,80.54,0.01,4.969860602,8
06/12/2017,28.4,34.4,24.1,77.38,0.01,4.969860602,13
07/12/2017,27.47,36.9,23.4,83.4,0.02,4.969860602,8
08/12/2017,27.43,31.8,24,77.4,0,4.969860602,6
09/12/2017,26.34,28.9,24,83.19,0,4.969860602,13
10/12/2017,28.03029936,33.21454027,23.93442623,78.36,0.08,4.969860602,11
11/12/2017,27.39,33.8,23.8,79.45767162,0.08,4.969860602,1
12/12/2017,28.03029936,33.21454027,23.93442623,88.12,0.06,4.969860602,4
13/12/2017,26.71,33.1,22.6,83.7,0.07,4.969860602,5
14/12/2017,27.63,34.3,23.3,80.26,0.01,4.969860602,4
15/12/2017,28.03029936,33.21454027,23.93442623,83.97,0.07,5.43,10
16/12/2017,28.03029936,33.21454027,23.93442623,81.31,0.01,5.84,6
17/12/2017,27.77,33.1,23.7,79.45767162,0,8.23,6
18/12/2017,27.86,32.3,25.2,72.53,0,9.04,5
19/12/2017,28.03029936,33.21454027,23.93442623,78.54,0.01,4.969860602,3
20/12/2017,28.03029936,33.21454027,23.93442623,76.67,0,4.969860602,9
21/12/2017,27.79,32.6,24.3,70.93,0,4.969860602,12
22/12/2017,27.88,33.5,23.4,73.75,0.08,4.969860602,7
23/12/2017,27.52,33.2,23,79.5,0.02,6.76,12
24/12/2017,26.66,29.6,24.4,82.12,0,6.85,3
25/12/2017,27.33,32.3,23.3,78.99,0.06,4.969860602,3
26/12/2017,28.03029936,33.21454027,23.93442623,78.85,0.02,4.969860602,15
27/12/2017,28.03029936,33.21454027,23.93442623,80.72,0.02,5.18,7
28/12/2017,28.03029936,33.21454027,23.93442623,81.48,0.03,5.88,9
29/12/2017,28.03029936,33.21454027,23.93442623,80.81,0.01,7.54,21
30/12/2017,26.84,30.7,24.4,86.18,0.04,7.11,9
31/12/2017,25.03,26.8,23.3,93,0.23,4.969860602,8
01/01/2018,24.94,27.4,22.7,89.52,0.15,4.9,8
02/01/2018,25.5,28,23.2,89.14,0.03,5.2,10
03/01/2018,26.8,33.2,23.5,83.52,0.05,4.95,8
04/01/2018,26.59,30.2,23.7,84.82,0,5.67,2
05/01/2018,26.15,29.4,23.5,86.6,0.03,3.63,8
06/01/2018,27.05,32.4,23.5,82.52,0,4.31,5
07/01/2018,27.17,33.2,23.2,83.97,0.02,5.37,3
08/01/2018,26.83,37,20.9,82.23,0.18,4.67,8
09/01/2018,27.03,37,19.3,83.05,0.07,5.7,7
10/01/2018,24.82,36.8,19,90.74,0.07,5.2,5
11/01/2018,23.85,35.2,19,90.1,0.04,8.16,11
12/01/2018,23,36.4,19,92.07,0.03,8.53,11
13/01/2018,22.97,35.8,19,92.55,0.06,7.28,7
14/01/2018,23.57,37,19,84.66,0.02,7.58,5
15/01/2018,24.91,36.8,19.1,85.02,0,6.74,11
16/01/2018,26.33,30.7,22.2,80.49,0,6.68,9
17/01/2018,27.31,32.8,23.8,78.6,0,7.09,6
18/01/2018,27.41,33.3,23.8,76.56,0,7.49,8
19/01/2018,26.86,34.1,23.3,81.65,0.07,5.81,9
20/01/2018,26.57,33.2,23.6,84.74,0.04,5.02,6
21/01/2018,27.62,34.3,23.5,77.96,0,6.38,6
22/01/2018,28.06,33.2,23.7,77.65,0,5.45,9
23/01/2018,26.98,32.7,24.1,84.5,0.03,4.969860602,10
24/01/2018,26.64,32.3,22.9,82.41,0.12,4.969860602,1
25/01/2018,26.58,31.9,23.4,84.61,0.02,4.969860602,10
26/01/2018,26.36,32.1,23.2,86.8,0.06,4.969860602,5
27/01/2018,27.66,33.2,24,81.02,0,4.969860602,4
28/01/2018,26.96,34.4,21.8,81.84,0.04,4.969860602,6
29/01/2018,27.9,33.6,23.2,74.5,0,4.969860602,4
30/01/2018,27.47,34.9,21.2,81.38,0.03,5.33,10
31/01/2018,27.38,34.5,23.2,82.24,0.04,5.06,7
01/02/2018,28.34,33.6,25.2,76.79,0.01,6.37,18
02/02/2018,25.76,28.3,23.6,89.84,0.02,5.44,10
03/02/2018,27.31,32.1,23.7,79.09,0,6.83,11
04/02/2018,26.72,31.2,24.5,79.2,0,6.7,6
05/02/2018,26.93,31.6,23.8,74.91,0,7.12,12
06/02/2018,26.9,31.8,22.7,71.17,0,7.29,9
07/02/2018,28.03029936,33.21454027,23.93442623,79.45767162,0.021922261,4.969860602,15
08/02/2018,26.56,30.3,23.6,70.74,0.021922261,6.92,3
09/02/2018,26.56,32.7,22.4,69.89,0.021922261,6.58,5
10/02/2018,26.57,32.9,22,70.5,0.021922261,6.01,11
11/02/2018,27.19,32.9,22.7,67.01,0.021922261,6.36,17
12/02/2018,27.46,33.1,23.8,67.08,0.021922261,7.4,10
13/02/2018,27.41,33.7,22.6,73.48,0,5.81,7
14/02/2018,26.9,32.7,23.2,77.41,0,5.77,7
15/02/2018,27.4,34.4,23.5,78.19,0.01,4.53,1
16/02/2018,27.57,33.7,23.3,78.46,0,4.39,5
17/02/2018,26.03,26.9,25,86.38,0.021922261,4.99,1
18/02/2018,28.03029936,33.21454027,23.93442623,79.45767162,0.021922261,4.969860602,3
19/02/2018,27.69,34.4,23.7,72.93,0,6.84,2
20/02/2018,27.71,33.8,23.1,74.55,0,5.74,5
21/02/2018,27.97,33.5,23.8,75.37,0,6.6,5
22/02/2018,28.19,35.1,23.9,75.09,0,5.76,8
23/02/2018,26.89,33.5,22.6,83.92,0.07,4.65,10
24/02/2018,25.88,30.5,23.8,86.12,0,4.59,7
25/02/2018,27.2,31.9,23.7,80.24,0,5.09,5
26/02/2018,27.43,32.4,24.3,78.68,0,6.18,11
27/02/2018,27.57,32.9,23.7,78.68,0,5.55,9
28/02/2018,27.95,35.1,23.5,78.58,0.07,5.03,3
01/03/2018,27.83,34,24,80.15,0.01,4.41,16
02/03/2018,27.49,33.7,23.5,83.37,0.05,3.94,3
03/03/2018,27.81,35.7,23.4,81.81,0.03,4.53,5
04/03/2018,27.7,35,23.9,82.27,0.04,3.76,7
05/03/2018,28.73,34.4,24.7,76,0,5.39,16
06/03/2018,28.27,35.6,22.6,77.63,0.02,4.12,10
07/03/2018,26.49,29.8,24,86.44,0.02,4.14,7
08/03/2018,26.92,31,23.6,84.61,0,4.28,10
09/03/2018,28.54,34.3,24,73.86,0,6.14,11
10/03/2018,27.29,30.2,24,82.26,0.05,6.82,14
11/03/2018,27.67,33.4,23.8,77.98,0,4.969860602,5
12/03/2018,27.47,32.2,24,80.68,0.02,5.25,25
13/03/2018,28.17,33.5,24.8,76.93,0,5.13,12
14/03/2018,28.49,34.3,24,74.12,0,4.86,5
15/03/2018,28.87,35.7,24,74.11,0,4.2,4
16/03/2018,28.33,34.2,24,78.53,0.01,4.94,3
17/03/2018,28.41,35.5,22.2,77.04,0.01,4.92,2
18/03/2018,28.49,34.1,23.5,75.08,0,5.43,0
19/03/2018,28.75,35.2,24.3,75.19,0.01,5.04,5
20/03/2018,28.55,35.1,22,75.54,0.05,4.98,4
21/03/2018,28.07,34.7,24.6,78.85,0,3.81,11
22/03/2018,28.86,34.4,24.7,73.3,0,6.25,8
23/03/2018,28.74,34,24.4,71.22,0,5.95,6
24/03/2018,28.02,33.3,22.7,75.5,0.04,5.13,2
25/03/2018,26.98,31.3,23.9,84.43,0.01,3.53,0
26/03/2018,27.5,33.7,24,83.24,0.05,4.17,4
27/03/2018,25.45,29.7,23.1,89.09,0.02,5.06,3
28/03/2018,26.9,34.4,23,81.97,0.02,3.48,3
29/03/2018,26.89,31.4,23.4,85.06,0,3.64,3
30/03/2018,26.78,34.1,21.7,81.21,0.03,3.46,5
31/03/2018,28.15,34.3,23.5,79.38,0,4.42,6
01/04/2018,28.15,34.1,22.5,78.79,0.08,4.4,13
02/04/2018,28.34,34.4,24.4,79.38,0.02,4.969860602,6
03/04/2018,28.5,34.7,24.9,75.61,0,4.96,3
04/04/2018,28.62,34.1,24.1,73.09,0,5.35,7
05/04/2018,28.56,34.5,23.9,74.45,0,4.8,17
06/04/2018,28.54,35.1,23.6,76.51,0.01,4.56,19
07/04/2018,27.74,33.7,23.9,80.57,0.1,4.7,8
08/04/2018,28.38,33.4,25.5,76.99,0,4.969860602,12
09/04/2018,28.83,33.7,25.4,75.53,0,4.969860602,14
10/04/2018,28.73,34.7,24.9,76.69,0,4.25,10
11/04/2018,28.36,34.6,25.1,80.46,0,4.92,5
12/04/2018,28.03029936,33.21454027,23.93442623,79.45767162,0.021922261,4.56,11
13/04/2018,28.03029936,33.21454027,23.93442623,79.45767162,0.021922261,5.22,11
14/04/2018,28.03029936,33.21454027,23.93442623,79.45767162,0.021922261,3.34,3
15/04/2018,28.03029936,33.21454027,23.93442623,79.45767162,0.021922261,3.44,5
16/04/2018,26.1,29.5,23.9,88.03,0.02,3.49,12
17/04/2018,27.98,34.4,23.7,80.65,0.04,3.82,4
18/04/2018,28.68,34,24.5,78.09,0,4.78,4
19/04/2018,27.82,34.1,24.2,83.62,0.04,3.78,4
20/04/2018,27.58,34.3,22.6,84.89,0.12,4.24,9
21/04/2018,27.09,33.2,24.4,86,0.02,3.55,8
22/04/2018,27.88,34.5,24.6,84.87,0.02,3.62,5
23/04/2018,27.38,33.7,22.9,86.48,0.07,3.55,10
24/04/2018,28.27,33,24,78.67,0.01,4.11,10
25/04/2018,29.77,35,25.1,70.46,0,4.07,9
26/04/2018,28.81,34.4,24,81.2,0.02,3.75,10
27/04/2018,26.75,33.2,22.1,87.3,0.07,3.23,6
28/04/2018,27.75,34.8,22,82.23,0.01,3.6,6
29/04/2018,29.46,34.9,24.3,78.45,0,4.67,6
30/04/2018,29.2,34.3,24.5,79.72,0.01,4.51,16
01/05/2018,27.04,30.8,23.9,89.17,0.06,3,17
02/05/2018,27.86,34.8,22.4,82.93,0.02,3.24,9
03/05/2018,28.05,35.2,22.5,82.24,0.06,3.45,8
04/05/2018,28.86,35.1,24.4,78.64,0.03,3.71,1
05/05/2018,28.38,33.1,24.8,82.11,0.01,3.81,5
06/05/2018,29.25,34.8,25,78.72,0,4.2,14
07/05/2018,29.47,34.4,24.9,76.25,0,4.16,8
08/05/2018,29.96,35.1,25.7,72.11,0,4.94,9
09/05/2018,30.29,36.1,27,72.24,0,5.62,9
10/05/2018,29.41,35.2,25.8,75.44,0,4.969860602,7
11/05/2018,29.39,34.6,24.6,76.35,0.02,4.969860602,11
12/05/2018,29.48,35.2,25.3,74.74,0.01,4.71,18
13/05/2018,28.3,32.2,23,82.47,0.05,4.04,6
14/05/2018,28.84,34.4,24.8,78.79,0.01,3.94,14
15/05/2018,28.43,34.1,24.4,82.07,0.04,3.31,13
16/05/2018,27.3,34.7,22.7,85.43,0.05,3.58,13
17/05/2018,28.5,34,24.4,81.83,0.01,3.21,4
18/05/2018,27.91,34.7,22.7,83.75,0.07,3.68,6
19/05/2018,27.6,34.8,24.2,85.35,0.04,2.93,9
20/05/2018,26.97,31.6,23.2,89.62,0.03,2.5,8
21/05/2018,28.4,33.4,24.7,81.62,0,2.87,16
22/05/2018,28.64,34,25.2,81.1,0,3.48,10
23/05/2018,27.47,31.5,23.2,85.05,0.06,3.45,10
24/05/2018,28.61,35.4,23.2,75.76,0,4.56,10
25/05/2018,28.9,35.3,24.9,77.7,0.02,3.47,9
26/05/2018,27.59,34.2,23.6,87.06,0.12,3.44,3
27/05/2018,27.62,32.4,23.8,85.36,0.01,3.78,1
28/05/2018,27.61,31.6,24,86.81,0.04,3.8,18
29/05/2018,28.06,34,23.8,83.58,0.02,3.14,5
30/05/2018,27.8,32.6,24.2,83.98,0.02,3.25,10
31/05/2018,27.77,31.6,23.4,83.51,0.01,3.08,7
01/06/2018,27.87,32.2,22.9,81.1,0.1,3.23,5
02/06/2018,27.12,32.3,21.9,84.5,0.14,3.14,12
03/06/2018,28.89,33.9,24.9,79.19,0,2.99,6
04/06/2018,29.52,34.3,23,73.67,0.01,3.6,11
05/06/2018,29.74,34.7,25.1,77.21,0,4.969860602,2
06/06/2018,30.11,35,25.7,77.64,0,4.43,8
07/06/2018,30.24,35,26.6,76.96,0,4.56,12
08/06/2018,29.02,33.5,22.4,76.43,0.04,4.19,10
09/06/2018,29.39,33.8,25,77.39,0,3.78,9
10/06/2018,29.69,32.8,26.4,77.62,0,5.01,3
11/06/2018,30.08,34.2,26.4,73.89,0,5.12,12
12/06/2018,29.7,33.3,26.6,76.1,0,4.29,24
13/06/2018,28.56,33.2,24.1,81.19,0.03,3.84,10
14/06/2018,28.7,33.6,24.1,81.24,0.01,3.38,13
15/06/2018,26.97,29.6,21.7,86.99,0.05,3.5,0
16/06/2018,29.14,34,25.1,80.11,0,4.22,9
17/06/2018,29.55,33.9,25.8,77.9,0,4.17,4
18/06/2018,28.33,31.8,22.8,83.27,0.04,3.62,15
19/06/2018,27.65,31,22.8,80.38,0.03,5.03,7
20/06/2018,26.78,31,22.2,87.04,0.07,3.32,11
21/06/2018,27.9,33.6,24.7,84.59,0,3.5,8
22/06/2018,29.15,32.9,25,82.24,0.01,4.23,13
23/06/2018,27.14,31.7,24.2,86.03,0.03,3.77,5
24/06/2018,26.74,31.3,23.3,84.83,0.01,4.68,9
25/06/2018,26.58,30.4,22,82.59,0.05,4.12,14
26/06/2018,26.69,29.1,21.9,83.64,0.08,2.74,14
27/06/2018,25.8,28.5,22.4,87.78,0.06,3.62,9
28/06/2018,27.71,32.6,23.9,79.69,0.01,3.72,15
29/06/2018,25.99,28.3,22,88.35,0.13,3.39,11
30/06/2018,27.91,31.7,23.9,79.21,0,4.35,4
01/07/2018,26.68,30.8,21.6,87.13,0.03,3.64,8
02/07/2018,27.3,32,24.3,85.12,0,3.25,5
03/07/2018,27.35,31.3,21.2,83.65,0.04,3.59,6
04/07/2018,28.4,33.3,23.7,76.76,0,3.63,5
05/07/2018,28.8,33.5,24.5,76.32,0,4.68,9
06/07/2018,28.79,33.1,25.3,73.27,0,5.04,10
07/07/2018,28.55,32.9,23.5,76.88,0.03,4.54,5
08/07/2018,28.58,32.1,24.6,78.65,0,4.73,9
09/07/2018,28.62,32.3,24.2,80.55,0.01,4.52,22
10/07/2018,26.88,29.5,22.6,84.66,0.03,4.73,4
11/07/2018,28.21,32.6,25.4,76.68,0,3.73,12
12/07/2018,29.15,34.4,25.2,76.72,0,4.4,16
13/07/2018,29.03,33.3,26.4,78.3,0,5.38,8
14/07/2018,28.39,31.8,21.9,78.41,0.01,4.86,4
15/07/2018,27.36,31.5,21.1,81.04,0.06,4.57,3
16/07/2018,28.85,33,24.7,76.52,0,4.8,11
17/07/2018,28.99,32.5,26.4,77.39,0,5.46,3
18/07/2018,29.08,32.8,26.7,78.8,0,5.45,9
19/07/2018,28.29,32.6,23.2,81.35,0.05,4.81,6
20/07/2018,28.95,33,24.8,79.03,0.02,4.21,7
21/07/2018,28.47,32.3,24.6,77.01,0.01,3.74,3
22/07/2018,28.72,33,25.1,80.19,0.01,4.12,5
23/07/2018,29.47,34.6,25.4,77.47,0,4.79,10
24/07/2018,29.52,34.8,26.3,76.82,0,5.39,12
25/07/2018,27.4,31,23.2,82.01,0.04,4.08,7
26/07/2018,28.49,34.4,23.5,76.06,0,4.32,6
27/07/2018,29.29,33.7,25.8,72.34,0,4.81,7
28/07/2018,29.58,34.1,26.7,72.74,0,4.78,9
29/07/2018,29.03,34,24.7,76.94,0,4.21,2
30/07/2018,26.89,30.3,23.1,85.87,0.04,4.26,8
31/07/2018,27.67,33.2,24.9,81.77,0,3.56,9
01/08/2018,26.47,29.2,24.2,86.34,0,3.8,13
02/08/2018,27.9,32.9,24.7,76.03,0,4.7,9
03/08/2018,28.68,33,24.8,76.83,0,4.969860602,5
04/08/2018,28.25,33,24.2,80,0.02,4.83,3
05/08/2018,28.11,31.6,24.7,80.13,0.01,4.59,15
06/08/2018,28.5,32.7,25.1,79.13,0,4.75,8
07/08/2018,28.34,31.5,24.4,80.14,0,4.94,2
08/08/2018,27.02,30.9,21,81.69,0.01,4.24,9
09/08/2018,28.51,32.9,25,80.2,0,4.15,7
10/08/2018,29.16,33.3,25.1,76.29,0,4.52,10
11/08/2018,29.12,34.5,25.5,77.56,0,4.6,13
12/08/2018,29.33,33.8,25.3,74.94,0,4.59,11
13/08/2018,29.61,34.3,26.9,76.18,0,5.2,12
14/08/2018,29.61,35,26.8,75.34,0,5.72,3
15/08/2018,29.61,34.2,27.1,74.16,0,6.03,6
16/08/2018,29.4,34,25.9,74.61,0,5.21,8
17/08/2018,28.35,32.2,22.5,78.88,0.02,5.04,7
18/08/2018,29.02,33.9,25,74.93,0,5.66,6
19/08/2018,29.25,33.5,25.7,73.21,0,6.3,3
20/08/2018,29.38,34,26.5,71.63,0.01,5.36,22
21/08/2018,29.28,34.2,25.2,75.49,0,5.14,13
22/08/2018,27.34,30.3,23.8,86,0.1,3.43,2
23/08/2018,28.67,33.6,24,74.54,0,4.03,15
24/08/2018,27.05,31.8,21.9,85.09,0.05,3.59,7
25/08/2018,27.67,33,23.8,77.93,0,4.35,7
26/08/2018,29.1,34.6,24.4,71.1,0,4.53,7
27/08/2018,29.28,35,24.5,76.05,0,5.3,17
28/08/2018,28.29,32.8,24.1,79.33,0.01,4.04,12
29/08/2018,28.09,32.2,24.5,77.41,0,4.34,6
30/08/2018,28.48,33.6,24.3,75.44,0,4.5,16
31/08/2018,27.59,33.6,23,79.91,0.05,4.57,11
01/09/2018,27.48,33.4,23.2,79.14,0.01,3.59,11
02/09/2018,26.95,30.1,21.4,83.85,0.02,3.33,6
03/09/2018,27.68,31.7,23.5,78.66,0,4.67,4
04/09/2018,26.38,28.7,22,83.74,0.03,3.53,6
05/09/2018,27.21,31.5,23.2,80.02,0,3.66,13
06/09/2018,28.27,33,24.1,75.71,0,3.85,6
07/09/2018,26.74,30.5,23.3,88.19,0.09,3.22,6
08/09/2018,26.63,30.8,21.5,86.18,0.11,3.69,4
09/09/2018,27.38,31.6,23.3,82.05,0.03,3.97,4
10/09/2018,27.2,32.1,23.4,80.73,0.02,4.18,4
11/09/2018,26.56,30.6,24.1,84.86,0.01,3.6,10
12/09/2018,27.6,32,22.6,80.05,0,4.969860602,6
13/09/2018,28.98,33.8,24.4,69.61,0,4.11,11
14/09/2018,29.01,33.5,24.6,72.64,0,4.969860602,7
15/09/2018,28.68,32.3,25.9,72.69,0,4.39,3
16/09/2018,28.51,31.8,25.7,71.45,0,4.93,8
17/09/2018,28.9,33.6,25.1,69.49,0,5.23,11
18/09/2018,27.75,32.4,22.7,78.22,0.02,3.88,15
19/09/2018,26.75,33.3,22.4,82.4,0.11,3.69,7
20/09/2018,26.46,32.7,21.4,84.34,0.04,3.81,11
21/09/2018,26.04,32.1,22,79.45767162,0.05,3.47,4
22/09/2018,27.25,33,23,82.32,0.02,3.4,7
23/09/2018,28.77,34.6,23.6,74.05,0,3.45,3
24/09/2018,29.16,34.5,24.3,74.31,0,3.75,11
25/09/2018,29.24,34.7,25,73.02,0,3.96,5
26/09/2018,28.62,34.3,23,77.71,0.01,3.99,6
27/09/2018,29.21,34.6,24.8,75.34,0,3.86,4
28/09/2018,29.5,34.8,25.5,72.71,0,4.34,8
29/09/2018,29.4,36,25.1,72.22,0,4.47,4
30/09/2018,29.36,34.3,25.6,73.6,0,4.78,4
01/10/2018,29.48,34.6,25.5,73.3,0,4.56,10
02/10/2018,29.57,35.2,25.1,72.01,0,3.83,3
03/10/2018,29.53,34.4,25.9,73.57,0,3.51,5
04/10/2018,29.81,35.7,26.8,73.01,0,4.97,4
05/10/2018,29.83,35.6,25.6,70.72,0,4.3,9
06/10/2018,28.1,34.3,23.3,81.76,0.03,3.74,6
07/10/2018,27.47,32.5,23.6,82.83,0.02,3.23,14
08/10/2018,26.92,33.2,23.3,85.78,0.06,4.969860602,9
09/10/2018,26.4,31.7,23.3,87.36,0.09,2.71,10
10/10/2018,26.34,33.2,23.4,87.18,0.11,3.04,9
11/10/2018,26.65,34,22.9,86.01,0.09,3.24,8
12/10/2018,26.61,32.5,22.5,86.23,0.04,3.92,22
13/10/2018,26.67,29.8,22.7,86.75,0.03,2.86,6
14/10/2018,25.59,27.5,23.3,93.01,0.04,3.15,4
15/10/2018,28.12,34.4,24.3,77.94,0,3.25,10
16/10/2018,27.55,34.6,24.2,81.52,0.02,3.17,14
17/10/2018,27.49,32.4,23.6,82.1,0.01,3.15,12
18/10/2018,26.7,30.5,21.9,80.58,0.03,4.1,11
19/10/2018,28.05,33.5,23.1,77.05,0.03,3.79,4
20/10/2018,28.93,34,24.7,75.32,0,3.55,9
21/10/2018,28.83,35,24.5,77.49,0,3.39,6
22/10/2018,28.62,35.4,22.9,75.6,0.01,3.82,12
23/10/2018,27.46,34.8,21.9,81.62,0.07,3.15,18
24/10/2018,27.57,33.8,24.3,80.83,0.01,3.83,11
25/10/2018,27.37,32.1,23.3,83.21,0.03,2.73,10
26/10/2018,28.28,34.3,24,79.66,0.03,4.969860602,12
27/10/2018,27.68,33.3,24.2,83.93,0.02,2.92,9
28/10/2018,27.23,33.2,23.9,85.03,0.04,2.62,7
29/10/2018,27.48,34.9,23.6,84.05,0.03,3.02,12
30/10/2018,27.46,35.4,23.8,85.46,0.05,3.14,12
31/10/2018,27.47,32.9,24.1,81.52,0,3.72,14
01/11/2018,26.49,30.7,24.2,86.91,0.01,3.47,11
02/11/2018,26.9,32.7,23.8,82.63,0.02,3.28,3
03/11/2018,27.14,31.9,23.7,85.14,0.04,2.89,5
04/11/2018,27.3,34.5,23.6,86.25,0.04,3.27,5
05/11/2018,27.45,34.1,24.6,85.53,0.01,3.05,12
06/11/2018,27.29,33.4,23.6,83.13,0.01,3.63,10
07/11/2018,28.12,34.1,23.5,78.1,0.05,3.35,4
08/11/2018,28.07,34.5,23.4,77.97,0.07,3.85,9
09/11/2018,27,29.7,23.7,87.3,0.04,4.969860602,5
10/11/2018,27.52,34.1,23.5,84.39,0.06,2.95,10
11/11/2018,26.61,32.5,22.7,88.52,0.11,2.77,6
12/11/2018,27.59,33.5,24.1,82.09,0.04,3.02,17
13/11/2018,27.51,32.8,23.9,82.18,0,2.95,10
14/11/2018,27.58,31.6,23.7,79.71,0.09,4.969860602,9
15/11/2018,26.31,31.9,22.9,89.56,0.05,3.26,16
16/11/2018,27.95,33.3,24.2,82.18,0,4.969860602,14
17/11/2018,27.46,32.2,21.4,82.32,0.06,3.08,9
18/11/2018,26.74,32,23.2,85.9,0.02,2.91,8
19/11/2018,26.97,33.7,23,83.56,0.05,3.52,15
20/11/2018,27.84,33.7,23.3,78.92,0.01,3.36,13
21/11/2018,26.45,31,22.6,86.52,0.08,4.08,19
22/11/2018,26.84,31.8,21.9,84.08,0.06,2.92,13
23/11/2018,27.65,34.5,24.2,82.02,0.03,3.23,18
24/11/2018,28.35,34.5,23.4,77.2,0,3.39,11
25/11/2018,28.08,32.7,23,80.81,0.03,2.82,16
26/11/2018,28.12,33.8,22.2,79.74,0.04,3.38,24
27/11/2018,26.94,30.1,22.5,85.12,0.04,3.78,18
28/11/2018,27.92,34.8,24.3,81.1,0.02,3.47,8
29/11/2018,27.88,33.5,23.7,82.8,0.02,3.49,16
30/11/2018,27.57,32.5,23.9,84.07,0.02,4,15
01/12/2018,26.98,32.5,23.6,85.94,0.05,4.14,8
02/12/2018,26.82,35.2,23.8,85.84,0.03,4.38,9
03/12/2018,26.58,33,23.8,88.93,0.02,2.93,8
04/12/2018,27.74,33.9,24,82.97,0.01,3.28,6
05/12/2018,27.2,34.3,22.9,86.45,0.07,3.25,3
06/12/2018,26.92,33.9,23,86.73,0.03,3.06,6
07/12/2018,27.21,33,23.5,84.24,0.02,3.07,7
08/12/2018,27.3,34.3,23.2,84.3,0.05,3.3,1
09/12/2018,27.98,34.7,24.8,83.27,0.02,3.02,10
10/12/2018,27.46,34.9,22.8,85.35,0.03,3.27,9
11/12/2018,26.4,32.3,23.4,88.38,0.09,4.969860602,14
12/12/2018,26.72,33.2,23.4,87.24,0.08,4.969860602,18
13/12/2018,26.49,30.1,23.9,88.01,0,3.92,20
14/12/2018,26.91,31.3,23.6,82.95,0,4.25,13
15/12/2018,26.84,32.6,22.8,83.86,0.07,3.45,14
16/12/2018,26.71,34.2,23.4,84.24,0.04,3.34,9
17/12/2018,27.34,33.9,23.7,81.79,0.01,3.36,18
18/12/2018,28.22,33.5,24.8,79.08,0,3.56,12
19/12/2018,28.09,34.8,22.9,80.47,0.02,3.3,24
20/12/2018,27.92,34.9,23.6,79.45767162,0.03,4.969860602,23
21/12/2018,28.05,34.5,24.6,80.38,0.01,4.51,26
22/12/2018,28.2,34.7,24.6,78.99,0.01,4.38,17
23/12/2018,27.94,34.7,23.3,78.27,0.01,3.3,16
24/12/2018,28.53,34.5,23.8,76.35,0,3.64,26
25/12/2018,28.63,33.8,24.6,77.23,0,3.81,15
26/12/2018,28.32,33.6,22.6,75.46,0.01,5.3,26
27/12/2018,27.82,31.4,24.3,77.8,0,4.969860602,27
28/12/2018,29.19,34.4,24.9,70.6,0,4.81,35
29/12/2018,28.13,31.4,23.7,79.16,0,3.88,15
30/12/2018,28.53,35.4,24.5,78.52,0.01,4.75,11
31/12/2018,27.21,33,22.4,84.37,0.08,4.95,22
01/01/2019,28.02,34.8,22.8,75.7,0.02,4.49,17
02/01/2019,28.79,33.2,24.7,72.24,0,5.53,40
03/01/2019,29.09,32.9,24.7,75.64,0,7.19,49
04/01/2019,29.26,33.6,25.4,69.74,0,5.52,17
05/01/2019,28.3,34,24,80.24,0.02,4.04,23
06/01/2019,28.62,33.5,25.2,78.25,0,5.8,13
07/01/2019,28.81,33.8,25.2,75.1,0,6.17,43
08/01/2019,27.88,32.5,24.7,82.04,0.03,5.11,49
09/01/2019,28.27,33.1,24.9,78.46,0,5.68,40
10/01/2019,28.71,33.8,24.7,72.35,0,5.96,45
11/01/2019,28.3,33.9,24.5,74.96,0,5.75,37
12/01/2019,28.31,34.4,23.6,73.57,0.04,5.19,23
13/01/2019,27.76,34.7,23.1,78.1,0.02,5.28,19
14/01/2019,27.98,33.3,24.2,77.7,0,5.27,41
15/01/2019,28.28,34.2,24.3,72.76,0.01,4.8,36
16/01/2019,28.28,32.9,24.6,74.71,0,5.33,34
17/01/2019,26.66,32.6,23.8,84,0.05,5.08,30
18/01/2019,25.87,29.3,22.5,85.94,0.12,5.39,38
19/01/2019,27.43,32.3,23.5,76.74,0,5.62,22
20/01/2019,28.03,33.4,24.3,75.49,0,5.79,13
21/01/2019,28.05,32.9,24.9,74.72,0.01,6.12,38
22/01/2019,27.68,31.7,24.6,74.29,0,6.05,39
23/01/2019,28,32.9,24.6,73.28,0,6.63,29
24/01/2019,27.65,32.4,24.7,73.56,0,6.33,47
25/01/2019,27.19,31.6,23.6,75.07,0,6.29,37
26/01/2019,27.24,32.1,23.8,74.46,0,6.73,25
27/01/2019,27.79,32.7,24.6,75.75,0,7.23,18
28/01/2019,26.82,29.9,24.6,83.33,0,6.96,28
29/01/2019,27.95,33.7,24.6,77.55,0,7.16,39
30/01/2019,28.05,33.2,24.8,73.11,0,6.39,30
31/01/2019,27.81,32.7,23.9,75.25,0,5.37,29
01/02/2019,28.27,34.3,24.7,74.31,0,6.49,13
02/02/2019,28.21,33.2,24.6,76.85,0,6.01,14
03/02/2019,28.25,33.4,24.7,77.79,0,6.03,17
04/02/2019,28.1,34.5,23.3,78.51,0.02,5.35,27
05/02/2019,28.06,33.6,24.3,75.6,0,5.47,9
06/02/2019,27.98,34.3,23,71.71,0,5.6,10
07/02/2019,27.88,34.4,23.2,75.43,0.02,5.41,29
08/02/2019,28.37,34.7,24,74.92,0,5.38,30
09/02/2019,28.68,35.8,24.5,75.81,0,5.18,18
10/02/2019,28.4,34.1,25.1,74.97,0,6.2,15
11/02/2019,27.95,33.6,23,66.86,0,6.65,27
12/02/2019,28.56,34.5,22.4,68.6,0,6.32,33
13/02/2019,28.6,33.5,25,75.45,0,7.13,37
14/02/2019,28.72,34.1,26.1,71.57,0,7.41,43
15/02/2019,27.99,33.3,24.1,72.15,0,6.59,46
16/02/2019,28.3,34.7,24.4,70.69,0,6.36,38
17/02/2019,27.48,34.4,22,78.47,0.05,4.9,13
18/02/2019,26.84,31.7,21.4,80.96,0.02,3.79,47
19/02/2019,27.72,33.7,23.8,80.23,0.03,4.77,32
20/02/2019,27.99,33.3,23.3,79.17,0.02,4.85,19
21/02/2019,28.5,34,24,72.59,0,6.31,133
22/02/2019,28.41,35.3,24.2,75.46,0,5.25,15
23/02/2019,28.25,34.4,23.9,72.7,0,5.89,12
24/02/2019,28.11,33.6,23.2,71.86,0,5.59,12
25/02/2019,28.62,34.3,23.9,73.61,0,6,19
26/02/2019,28.53,33.6,25.4,76.03,0,6.69,29
27/02/2019,28.28,34.2,25,71.58,0,6.89,23
28/02/2019,28.25,33.5,24.8,75.71,0,5.66,32
01/03/2019,28.44,33.9,24.2,71.59,0,6.31,24
02/03/2019,28.4,35.2,24.1,68.4,0,5.81,19
03/03/2019,28.13,36,22.6,69.19,0,5.29,14
04/03/2019,27.97,35,22.8,71.77,0.02,4.94,30
05/03/2019,28.6,34.4,23.4,70.28,0,4.6,20
06/03/2019,28.66,33.1,25.5,75.24,0,5.07,22
07/03/2019,29.01,35.2,23.4,74.57,0,4.18,11
08/03/2019,29.01,35.2,25.1,73.59,0,4.78,28
09/03/2019,29.08,36,24.9,71.69,0,4.76,11
10/03/2019,28.87,34.9,24.3,73.78,0,4.76,10
11/03/2019,27.2,34.1,21.5,81.58,0.11,4.24,18
12/03/2019,28.4,35.9,23.6,73.04,0.01,4.41,20
13/03/2019,29.12,35.3,23.7,74.19,0,4.91,26
14/03/2019,28.95,35,23.9,67.82,0,5.56,11
15/03/2019,28.68,34.9,23.7,65.78,0,5.36,7
16/03/2019,28.32,34.6,23,71.82,0.01,5.88,11
17/03/2019,28.71,34.8,24,67.39,0,5.94,2
18/03/2019,28.89,35.4,22.8,62.39,0,5.99,15
19/03/2019,28.88,34.6,23.2,66.9,0,5.87,15
20/03/2019,29.2,34.6,24.6,69.47,0,5.24,16
21/03/2019,27.95,35.7,22.1,75.23,0.14,5.23,19
22/03/2019,28.66,36,23.9,74.21,0,4.08,19
23/03/2019,29.21,36,25.1,76.59,0.01,3.98,16
24/03/2019,28.83,35.2,23.7,76.36,0.01,4.14,14
25/03/2019,28.55,35.1,22.7,77.54,0.03,4.72,13
26/03/2019,29.56,35.4,25.5,73.07,0,5.85,15
27/03/2019,29.85,35.6,25.8,67.28,0,5.82,10
28/03/2019,27.97,34.9,21.5,78.98,0.06,4.45,17
29/03/2019,29.02,34.7,23.8,74.23,0,3.9,13
30/03/2019,27.65,34.2,22.2,82.55,0.01,3.5,7
31/03/2019,28.71,33,25.3,79.8,0,3.59,10
01/04/2019,27.24,32.8,23.6,84.17,0.09,4.07,20
02/04/2019,28.19,33.5,24.5,77.85,0,3.82,18
03/04/2019,27.04,35.2,21,79.99,0.1,3.78,6
04/04/2019,28.65,36,23.5,73.52,0.04,4.49,19
05/04/2019,28.42,35.2,23.7,73.7,0.01,4.4,22
06/04/2019,28.66,35,23.9,69.68,0,4.85,10
07/04/2019,28.98,36,23.5,70.82,0,4.32,11
08/04/2019,29.17,35,24.7,72.77,0,4.85,17
09/04/2019,28.97,35,24.8,74.29,0.03,4.23,26
10/04/2019,28.4,34.2,23.8,77.94,0.02,3.64,27
11/04/2019,27.85,32.9,23.6,82.96,0.02,3.01,19
12/04/2019,28.77,34.3,24.8,74.63,0,3.89,17
13/04/2019,29.38,34.9,25.3,73.99,0,4.24,12
14/04/2019,28.58,33.9,23.5,80.9,0.03,4.23,15
15/04/2019,29.45,36,24.7,74.34,0,4.22,27
16/04/2019,29.98,35.8,25.9,72.47,0.01,4.84,22
17/04/2019,29.97,35.9,25.6,73.62,0,4.64,25
18/04/2019,29.88,36,25.5,72.49,0,4.36,12
19/04/2019,29.2,36,23.8,76.35,0.02,3.72,16
20/04/2019,28.19,32,23.4,83.88,0.04,3.24,19
21/04/2019,28.03029936,33.21454027,23.93442623,79.45767162,0.021922261,4.969860602,18
22/04/2019,28.03029936,33.21454027,23.93442623,79.45767162,0.021922261,4.969860602,27
23/04/2019,28.07,34.4,24.1,83.52,0.12,3.77,25
24/04/2019,28.34,32.7,21.5,83.86,0.01,2.81,27
25/04/2019,28.47,33.3,21.8,82.61,0.02,3.22,21
26/04/2019,26.09,35.4,21.4,89.35,0.16,3.75,17
27/04/2019,27.5,32,21.3,81.09,0.03,3.42,17
28/04/2019,29.08,35.6,21.7,75.82,0.01,3.83,19
29/04/2019,29.1,36,24,80.38,0.02,4.54,33
30/04/2019,28.45,33.3,24.6,79.38,0.01,3.46,44
01/05/2019,29.51,34.1,25.5,76.36,0,3.55,11
02/05/2019,29.49,34.5,25.6,79.51,0.01,3.32,39
03/05/2019,29.67,34.4,25.6,79.53,0.01,3.66,28
04/05/2019,28.87,33.6,23,80.8,0.04,3.18,27
05/05/2019,28.62,32.9,24.7,80.68,0,4.87,17
06/05/2019,30.08,34.6,26.1,71.04,0,5.62,51
07/05/2019,30.22,35,25.3,72.63,0.01,3.83,46
08/05/2019,26.98,31.3,21,85.53,0.19,3.8,47
09/05/2019,29.65,34.4,25,76.01,0,3.87,49
10/05/2019,29.4,35.3,22,76.23,0.06,4.03,63
11/05/2019,28.95,32.9,24,81.65,0.02,3.01,22
12/05/2019,29.6,34.7,25.7,79.34,0,3.01,16
13/05/2019,28.76,34.3,23.5,82.47,0.03,3.53,64
14/05/2019,28.94,35,24.9,81.08,0.02,3.82,57
15/05/2019,29.05,34.7,24.5,82.41,0.02,3.53,56
16/05/2019,28.6,32.9,23.6,81.18,0.03,3.38,46
17/05/2019,27.87,36,21.8,82.18,0.03,4.02,37
18/05/2019,29.02,33.4,25.3,79.8,0,4.08,36
19/05/2019,27.66,31.4,22.7,81.96,0.03,3.57,37
20/05/2019,28.65,33.4,25.1,79.67,0,3.76,35
21/05/2019,28.32,33.8,24.8,81.6,0.01,3.89,60
22/05/2019,27.93,33.3,23.7,84.11,0.02,3.28,82
23/05/2019,29.11,34.1,24.8,77.12,0,4.08,63
24/05/2019,30.07,35.3,25.7,71.83,0,3.94,58
25/05/2019,29.28,34.1,25.4,77.85,0,4.14,46
26/05/2019,29.73,34.9,25.3,76.54,0,4.07,35
27/05/2019,29.6,35,25.6,78.43,0.01,4.69,76
28/05/2019,29.93,35.5,26.3,75.87,0,4.97,69
29/05/2019,29.46,34.1,24.8,78.04,0.02,3.81,54
30/05/2019,27.87,33,23.4,84.27,0.06,3.41,65
31/05/2019,28.58,33.7,24.8,81.11,0.01,3.57,63
01/06/2019,28.07,32.5,25.3,83,0,3.86,41
02/06/2019,28.33,33.7,22.4,79,0.08,3.65,44
03/06/2019,26.8,32.1,23.5,88.76,0.12,3.75,57
04/06/2019,27.8,33,24.9,84.1,0.01,3.68,82
05/06/2019,28.86,33.5,25.3,80.98,0,3.87,31
06/06/2019,27.01,29.5,24.2,88.68,0.04,3.82,70
07/06/2019,26.13,28.2,23.6,88.72,0.06,3.7,70
08/06/2019,27.31,30.8,24.3,85.84,0.01,3.59,53
09/06/2019,28.34,32.5,24.2,82.16,0.01,3.58,49
10/06/2019,29.68,34.3,26,77.86,0,4.35,85
11/06/2019,29.4,34.3,24,78.63,0.07,4.66,70
12/06/2019,26.99,30.2,23.4,84.99,0.08,6.28,78
13/06/2019,28.44,31.6,25,83.7,0.02,6.09,63
14/06/2019,29.13,33.7,26.1,79.76,0.01,5.72,71
15/06/2019,28.41,33.2,24.7,81.38,0.02,6.33,53
16/06/2019,29.29,33.5,25.4,78.3,0,6.64,31
17/06/2019,28.83,33.1,23.8,81.49,0.02,6.11,82
18/06/2019,27.12,29.8,21.6,87.28,0.05,4.49,72
19/06/2019,27.72,30.5,23.8,85.45,0.02,5.66,74
20/06/2019,28.43,33.6,24.6,82.59,0.02,4.49,53
21/06/2019,28.09,33,24.7,82.35,0.01,4.99,74
22/06/2019,26.78,31.6,22.5,85,0.07,5.54,53
23/06/2019,28.46,33,24.4,79.47,0,4.72,37
24/06/2019,28.99,33.8,25.7,78.45,0,5.19,97
25/06/2019,29.56,34,25.7,75.05,0,5.66,98
26/06/2019,28.23,32.5,23.9,79.19,0.02,4.5,73
27/06/2019,29,33.8,24.9,78.16,0,4.89,73
28/06/2019,29.49,33.7,26.1,76.56,0,6.53,66
29/06/2019,28.88,33.6,23.9,80.91,0.01,6.33,57
30/06/2019,28.72,32.6,25,78.92,0,5.45,33
01/07/2019,29.34,33.7,26,73.24,0,4.969860602,88
02/07/2019,29.6,34,25.9,74.72,0,5.97,124
03/07/2019,28.69,32.3,21.1,79.67,0.02,5.48,119
04/07/2019,29.11,34.2,24.2,78.66,0.01,4.94,100
05/07/2019,29.34,34.2,26.3,76.88,0,5.74,65
06/07/2019,29.18,34.5,24.7,77.3,0.01,4.7,78
07/07/2019,28.43,33.8,23.9,81.49,0.02,4.25,56
08/07/2019,27.71,36,22.6,83.48,0.05,4.1,125
09/07/2019,27.39,31.1,22.3,83.01,0.04,4.13,112
10/07/2019,29,33.6,21,73.48,0,6.78,107
11/07/2019,29.45,34.4,26.5,69.07,0,7.2,93
12/07/2019,29.2,33.9,25,73.94,0,4.969860602,108
13/07/2019,29.37,34.2,25,74.82,0,5.94,67
14/07/2019,29.53,33.7,26.6,74.22,0,6.36,62
15/07/2019,27.12,29.2,22.5,82.56,0.03,5.79,98
16/07/2019,28.57,32.3,24.6,74.22,0.01,5.79,140
17/07/2019,28.88,33,24.6,70.5,0,5.69,90
18/07/2019,29.02,33.4,25.3,67.81,0,6.33,80
19/07/2019,29.12,33.6,25.6,69.56,0,5.54,63
20/07/2019,29.27,33.9,25.4,73.03,0,5.58,90
21/07/2019,28.03029936,33.21454027,23.93442623,79.45767162,0.021922261,4.969860602,66
22/07/2019,28.03029936,33.21454027,23.93442623,79.45767162,0.021922261,4.969860602,90
23/07/2019,28.03029936,33.21454027,23.93442623,79.45767162,0.021922261,4.969860602,100
24/07/2019,28.03029936,33.21454027,23.93442623,79.45767162,0.021922261,4.969860602,98
25/07/2019,29.02,32.7,26.4,70.07,0,5.78,92
26/07/2019,29,33.8,23.9,70.78,0,6.1,62
27/07/2019,29.02,33.8,25.1,74.09,0,6.65,63
28/07/2019,28.95,33.6,24.9,76.51,0,6.59,52
29/07/2019,29.59,34.3,25.7,72.92,0,6.62,97
30/07/2019,29.2,33.7,25.4,74.23,0,6.42,108
31/07/2019,29.18,33,25.8,68.29,0,7.21,87
01/08/2019,29.12,33.8,24.2,67.19,0,6.63,112
02/08/2019,29.19,34,25,68.79,0,6.36,49
03/08/2019,29.38,33.9,26.1,71.42,0,6.15,84
04/08/2019,28.97,33.2,26.1,74.41,0,6.13,64
05/08/2019,28.98,32.9,26.1,74.25,0,6.14,43
06/08/2019,28.84,33.2,25.3,76.32,0,5.81,103
07/08/2019,28.74,33.5,24.8,75.78,0,6.17,93
08/08/2019,28.82,32.8,25.4,73.08,0,6.29,71
09/08/2019,28.88,33.3,25.9,74.97,0,6.51,62
10/08/2019,29.01,33,26.8,75.89,0,7.09,63
11/08/2019,29.13,34.1,21,75.54,0,6.63,45
12/08/2019,29.46,34.1,22.3,73.44,0,7.21,54
13/08/2019,29.37,34.5,22.2,76.23,0,6.56,80
14/08/2019,29.17,34.2,21,76.65,0,6.17,86
15/08/2019,28.83,36,21,75.21,0,6.66,92
16/08/2019,29.57,34.2,21,69.4,0,7.39,61
17/08/2019,28.94,33.3,22.3,75.49,0.01,7.34,75
18/08/2019,29.36,34.9,23.2,69.72,0,7.61,56
19/08/2019,29.2,35,25,68.38,0,6.54,74
20/08/2019,29.4,34.4,26.9,72.23,0,8.19,82
21/08/2019,29.52,34.2,27,72.25,0,7.53,74
22/08/2019,29.42,34.5,25.7,74.26,0,7.09,85
23/08/2019,29.47,35,26.7,70.18,0,7.66,32
24/08/2019,29.3,34.3,26.2,70.04,0,7.12,49
25/08/2019,28.57,33.3,25.1,75.12,0,6.34,30
26/08/2019,28,34,23.1,78.58,0.04,6.04,82
27/08/2019,27.12,32.3,23.7,81.5,0.01,6.03,82
28/08/2019,26.93,29,23.7,81.75,0,6.17,56
29/08/2019,28.79,33.6,25,76.55,0,6.96,55
30/08/2019,28.31,32.2,21.7,74.82,0.04,4.969860602,43
31/08/2019,28.84,33.6,25,67.71,0,7.84,40
01/09/2019,29.16,34,23.7,70.99,0,6.61,20
02/09/2019,29.45,34.4,25.4,74.47,0,7.54,52
03/09/2019,29.45,34,26.3,74.99,0,7.12,75
04/09/2019,28.63,33.7,22.3,74.69,0.05,6.18,55
05/09/2019,29.17,34.5,24,73.59,0,8.04,58
06/09/2019,29.26,34.7,25.5,72.86,0,7.05,25
07/09/2019,29.24,34.3,26.2,71.55,0,8.4,25
08/09/2019,29.18,34.2,24.8,70.78,0,7.19,29
09/09/2019,29.32,33.9,26.1,72.93,0,7.02,60
10/09/2019,29.18,34.3,26.7,74.61,0,7.88,52
11/09/2019,29.32,34.5,24.9,71.2,0,7.17,48
12/09/2019,29.08,34.8,24.5,73.65,0,6.99,40
13/09/2019,29.13,33.8,24.7,74.56,0,5.96,41
14/09/2019,28.26,30.8,24.9,78.74,0,6.05,33
15/09/2019,28.68,32.9,24.9,72.86,0,6.44,31
16/09/2019,28.83,33.3,24.1,69.54,0,6.05,52
17/09/2019,29.13,33.6,25.2,72.86,0,6.15,45
18/09/2019,29.17,33.8,26.8,74.4,0,7.54,56
19/09/2019,29.17,33.8,26.2,71.79,0,7.31,44
20/09/2019,28.88,34,26.1,73.84,0,6.71,32
21/09/2019,29.14,35.1,25.5,68.58,0,7.37,23
22/09/2019,29.18,35.5,25.5,70.31,0,7.39,22
23/09/2019,28.6,33.2,25.3,75.67,0,6.82,55
24/09/2019,29.03,34.9,24.7,74.01,0,6.13,49
25/09/2019,26.58,31.8,22.9,87.13,0.12,4.46,48
26/09/2019,28.13,34.3,24,76.05,0,5.22,27
27/09/2019,28.57,34.4,24.6,75.79,0.01,5.73,30
28/09/2019,28.45,34.9,23.4,76.52,0,3.91,19
29/09/2019,27.56,34,21.1,80.08,0.06,4.34,19
30/09/2019,26.68,32,21.1,83.79,0.07,4.33,37
01/10/2019,27.45,32.9,22.5,80.37,0,4.51,40
02/10/2019,26.67,33.5,21.4,81.3,0.01,4.45,39
03/10/2019,27.2,32.5,21.3,77.39,0,4.48,53
04/10/2019,27.78,32.9,22.2,77.56,0.03,5,15
05/10/2019,28.13,35.8,23.2,74.13,0.01,5.36,19
06/10/2019,28.08,34.5,22.5,71.69,0,5.05,14
07/10/2019,26.92,33.4,22.8,82.97,0.05,4.17,38
08/10/2019,27.45,33.2,22.5,81.42,0.01,5.12,40
09/10/2019,27.74,32.7,22.7,79.23,0.02,5.53,43
10/10/2019,27.92,34.1,23,77.93,0.01,5.73,35
11/10/2019,28.73,35.2,22.4,74.59,0,6.12,23
12/10/2019,28.32,34.2,21.5,78.08,0.01,5.87,24
13/10/2019,28.31,35.7,22.8,77.69,0.01,6.61,20
14/10/2019,28.89,36,23.2,73.25,0,5.78,44
15/10/2019,28.53,34.8,22.8,75.18,0.01,5.03,37
16/10/2019,28.78,34.4,24,77.41,0.02,5.84,37
17/10/2019,27.94,34.8,23.1,81.88,0.02,4.44,38
18/10/2019,27.78,32.6,23.8,80.24,0.01,4.06,30
19/10/2019,28.58,34.4,24.1,76.37,0,4.69,32
20/10/2019,28.53,34.9,23.8,78.61,0,4.76,16
21/10/2019,28.1,33.6,23.7,80.92,0.04,4.34,35
22/10/2019,26.08,30.4,22.7,89.42,0.09,4.18,47
23/10/2019,27.19,34.1,22.9,82.54,0.02,3.68,51
24/10/2019,28.13,34.5,23.5,78.59,0,3.81,25
25/10/2019,28.58,34.9,23.4,76.43,0.02,4.26,19
26/10/2019,26.99,33.5,23.1,83.79,0.04,3.31,28
27/10/2019,27.18,34.9,22.9,79.77,0.07,4.04,27
28/10/2019,26.83,32,23.1,83.96,0.01,3.92,36
29/10/2019,28.59,33.8,23.6,75.15,0,3.67,55
30/10/2019,28.14,33.6,23.7,76.97,0.01,3.91,64
31/10/2019,28.12,32.7,23.3,76.68,0,3.63,46
01/11/2019,28.05,33.5,22.9,74.06,0.02,4.81,29
02/11/2019,29.17,34.3,22.6,70.45,0.01,3.77,33
03/11/2019,27.72,33.2,22.9,76.56,0.02,4.15,26
04/11/2019,28.54,34.2,23.4,75.37,0.01,3.3,56
05/11/2019,28.1,32.5,23,80.59,0.03,3.46,57
06/11/2019,29.18,34.3,24.3,75.53,0,4.11,50
07/11/2019,27.67,31.5,25.2,86.32,0,4.03,61
08/11/2019,28.03029936,33.21454027,23.93442623,79.45767162,0.021922261,4.84,17
09/11/2019,28.03029936,33.21454027,23.93442623,79.45767162,0.021922261,3.94,33
10/11/2019,28.03029936,33.21454027,23.93442623,79.45767162,0.021922261,4.4,27
11/11/2019,28.03029936,33.21454027,23.93442623,79.45767162,0.021922261,4.11,59
12/11/2019,28.03029936,33.21454027,23.93442623,79.45767162,0.021922261,3.58,73
13/11/2019,29.85,34.2,24.3,71.29,0.02,3.81,70
14/11/2019,27.7,31.8,24.6,81.22,0,4.63,61
15/11/2019,27.31,31.9,24,81.29,0.01,4.05,31
16/11/2019,27.96,34.5,22.8,78.55,0.01,3.97,41
17/11/2019,29.02,36,22.8,71.2,0,4.23,31
18/11/2019,28.39,36,23.4,76.13,0.02,4.03,45
19/11/2019,27.74,34.2,24.3,80.88,0.01,4.17,57
20/11/2019,26.43,31.7,23.4,86.9,0.05,4.04,44
21/11/2019,26.59,31.3,24,85.06,0,4.48,78
22/11/2019,26.74,33.5,23.9,83.68,0.01,4.22,35
23/11/2019,26.6,32.5,23.5,86.01,0.04,4.61,24
24/11/2019,26.52,34.3,23.3,85.31,0.04,3.83,21
25/11/2019,27.56,35,22.9,80.83,0.03,3.84,63
26/11/2019,28.39,33.9,24.5,76.92,0,5.39,42
27/11/2019,27.76,33.8,23.4,82.47,0.01,4.25,46
28/11/2019,27.8,33.4,24,83.39,0.04,4.13,52
29/11/2019,26.63,33.5,23.2,89.25,0.17,3.85,29
30/11/2019,27.44,34.5,24,86.15,0.03,3.91,28
01/12/2019,28.06,34.9,24.2,82.63,0.03,3.98,23
02/12/2019,26.44,32.3,21.4,86.34,0.15,4.29,70
03/12/2019,27.51,31.3,24.7,77.93,0,6.22,27
04/12/2019,28.09,32.6,24.7,72.68,0,6.86,41
05/12/2019,27.61,31.7,24.2,75.41,0,5.79,45
06/12/2019,27.99,33.2,24.3,72.67,0,6.98,30
07/12/2019,27.73,31.1,25.3,73.84,0,7.04,30
08/12/2019,26.61,29.6,24.6,84.07,0,5.12,25
09/12/2019,24.9,28.4,23.1,91.21,0.11,5.84,45
10/12/2019,25.59,28.9,23,89.15,0.04,4.06,50
11/12/2019,24.21,26.6,22,94.07,0.12,5.03,37
12/12/2019,27.17,32.6,22.9,75.47,0,6.93,33
13/12/2019,25.26,29.9,22.7,86.79,0.13,4.75,17
14/12/2019,24.27,27.1,22.8,95.72,0.11,3.81,37
15/12/2019,24.21,26.5,22.6,96.04,0.12,3.88,19
16/12/2019,25.94,31.7,22.1,84.95,0.01,4.55,45
17/12/2019,25.42,29.7,23.5,92.85,0.04,3.33,47
18/12/2019,26.03,32.2,21,89.92,0.06,4.23,30
19/12/2019,26.73,32.2,21,84.73,0,4.69,31
20/12/2019,27.23,31.6,23.6,83.62,0,5.61,17
21/12/2019,26.72,31.2,24,87.06,0.04,5.49,23
22/12/2019,26.9,31.1,23.2,82.35,0,5.61,19
23/12/2019,27.24,33.3,23.1,82.18,0.04,5.05,55
24/12/2019,27.36,32.9,23.6,81.6,0.01,6.22,59
25/12/2019,27.38,33.3,23.4,79.85,0.01,5.35,18
26/12/2019,27.4,32.2,23.7,75.81,0,5.66,58
27/12/2019,27.81,33.7,24.2,73.8,0,6.27,39
28/12/2019,27.44,32.4,23.5,76.81,0,6.49,37
29/12/2019,27.78,33.1,24.1,77.63,0,6.47,17
30/12/2019,28.07,33.4,24.1,74.76,0,6.23,54
31/12/2019,28.02,33.5,24.3,75.05,0,6.44,67
01/01/2020,27.98,32.6,24.3,75.13,0,6.87,15
02/01/2020,27.66,31.5,24,79.92,0,6.41,52
03/01/2020,27.92,33,24.7,79.07,0,6.71,31
04/01/2020,27.39,32.1,24.3,80.05,0.01,6.55,52
05/01/2020,28.01,33.5,24.1,74.67,0,7.01,28
06/01/2020,26.67,32.8,23.1,80.19,0.03,6.32,69
07/01/2020,26.4,31.6,23,82.63,0.01,6.43,67
08/01/2020,27.7,32.4,24.6,78.6,0,6.65,42
09/01/2020,27.91,32.9,25.1,77.91,0,6.79,46
10/01/2020,27.09,31.7,23.5,81.75,0.01,5.34,29
11/01/2020,27.78,32,24.3,77.67,0,5,47
12/01/2020,27.59,34,22.8,77.91,0.03,5.02,36
13/01/2020,27.52,32.8,23.8,75.68,0,6.05,60
14/01/2020,27.69,33.2,23.9,75.05,0,6.46,70
15/01/2020,27.73,32.4,24.5,76.39,0,6.21,62
16/01/2020,27.69,32.6,25.1,78.66,0.02,5.73,54
17/01/2020,28.11,34,24.2,74.55,0,6.2,41
18/01/2020,27.78,34.7,24.7,80.26,0.02,5.85,46
19/01/2020,28.27,34,25,78.2,0,6.53,31
20/01/2020,28.01,33.3,24.5,79.78,0.01,6.66,66
21/01/2020,26.32,28.8,23.5,89.12,0.07,6.21,46
22/01/2020,28.13,33.1,24.8,77.37,0,7.16,62
23/01/2020,28.11,34.2,24.5,77.9,0,6.53,48
24/01/2020,28.03,33.2,24.4,72.96,0,6.98,12
25/01/2020,28.05,33.9,23.8,71.65,0,6.12,18
26/01/2020,28.32,35.4,24.2,74.78,0,5.61,43
27/01/2020,27.81,34,23.8,81.31,0.07,4.99,38
28/01/2020,28.32,34.1,24.5,79.71,0.02,5.32,71
29/01/2020,26.39,32,22.9,88.47,0.24,4.58,47
30/01/2020,27.24,33.8,23,77.67,0,5.4,52
31/01/2020,28.28,33.5,25.1,72.67,0,6.69,39
01/02/2020,28.23,32.7,25.2,76.19,0,7.11,43
02/02/2020,27.74,32.1,24.9,76.7,0,7.67,34
03/02/2020,27.97,33.4,24.1,71.49,0,6.87,67
04/02/2020,27.58,32.8,23.3,71.16,0,6.29,74
05/02/2020,27.84,34.2,22.9,72.43,0,6.36,64
06/02/2020,28.16,33.7,24.8,72.92,0,7.05,51
07/02/2020,28.02,33.1,25.1,71.35,0,7.34,28
08/02/2020,27.71,33,23.2,68.97,0,5.73,51
09/02/2020,26.36,31.3,22.9,84,0.04,5.09,33
10/02/2020,26.6,33.2,22.8,84.53,0.05,4.91,62
11/02/2020,26.73,31,23.2,88.62,0.14,4.66,79
12/02/2020,27.72,33.1,24.2,82.62,0.01,5.16,50
13/02/2020,28.26,33.8,25.4,79.43,0.01,6.35,59
14/02/2020,28.32,33.7,24.8,77.39,0,6.02,24
15/02/2020,28.38,36,23.8,76.16,0,4.79,42
16/02/2020,28.03,35.5,23.3,78.22,0.02,4.72,32
17/02/2020,28.62,35,24.3,71.9,0,6.16,78
18/02/2020,27.12,32,23.8,79.49,0,6.15,58
19/02/2020,28.15,33.4,24.9,74.64,0,7.47,66
20/02/2020,28.02,33.3,24.9,74.8,0,7.89,58
21/02/2020,27.03,31,23.6,83.53,0.04,7.11,28
22/02/2020,27.98,32.7,24.5,75.17,0.01,8.05,33
23/02/2020,28.04,32.8,24.9,74.29,0,8.37,39
24/02/2020,27.23,31.8,24.7,80.95,0.01,7.44,65
25/02/2020,28.21,33.2,24.5,73.33,0,7.14,60
26/02/2020,28.43,34.7,24.6,72.97,0,7.19,59
27/02/2020,28.51,34.4,24.5,73.28,0,6.99,48
28/02/2020,28.39,33.6,25.2,74.93,0,7.36,50
29/02/2020,28.33,34.6,23.9,71.55,0,7.38,53
01/03/2020,28.35,35.3,23.6,70.93,0,6.78,39
02/03/2020,28.46,33.9,23.6,71.48,0,6.44,66
03/03/2020,28.6,34.1,24.6,74.16,0,6.84,64
04/03/2020,28.56,34.5,23.5,76.35,0.02,6.07,58
05/03/2020,27.64,31.4,24.1,83.12,0.04,5.27,36
06/03/2020,28.03,32.6,24.4,80.2,0,4.74,38
07/03/2020,27.9,35,23.2,83,0.06,4.86,41
08/03/2020,28.05,34.3,24,82.04,0.02,4.36,33
09/03/2020,28.57,36,24.1,79.35,0,3.85,90
10/03/2020,29.13,36,24.8,76.92,0,4.5,52
11/03/2020,28.96,36,23.8,78.06,0.01,4.96,86
12/03/2020,28.92,34.5,24.6,74.56,0,5.97,47
13/03/2020,29.32,36,24.5,72.91,0,5.21,18
14/03/2020,29.22,35.6,25.8,75.47,0,5.39,36
15/03/2020,29.35,34.8,25.6,74.45,0,5.98,28
16/03/2020,28.99,33.8,25.8,75.05,0,6.43,65
17/03/2020,28.94,34.4,24.5,68.91,0,6.42,64
18/03/2020,28.36,34,24.3,75.25,0.02,6.14,58
19/03/2020,28.46,34,24,71.84,0,5.27,52
20/03/2020,28.29,34.1,24.2,74.07,0,5.26,31
21/03/2020,27.93,34.1,24.1,79.91,0.04,4.93,47
22/03/2020,27.6,34.7,22,84.3,0.07,4.4,40
23/03/2020,26.58,31.2,23.5,89.35,0.09,3.84,68
24/03/2020,28.23,34.6,23.7,78.27,0,5.3,61
25/03/2020,28.44,34.2,24.3,79.02,0.02,4.76,57
26/03/2020,29.08,34.2,24.8,76.18,0,5.51,62
27/03/2020,28.56,36,23.8,79.97,0.04,5.01,15
28/03/2020,28.97,35.3,24.3,77.03,0.01,4.86,45
29/03/2020,29.18,35.8,25.1,72.13,0,5.88,22
30/03/2020,29.11,35.8,24.2,71.77,0,5.08,42
31/03/2020,29.52,36,25.3,69.99,0,5.26,59
01/04/2020,29.29,36,24.6,75.18,0.01,4.81,56
02/04/2020,28.67,36,23.6,79.72,0.06,4.71,41
03/04/2020,28.2,33.6,23.7,80.94,0.09,4.63,60
04/04/2020,29.27,35,25,76.47,0,4.95,38
05/04/2020,28.53,35.8,23.3,80.86,0.02,4.51,36
06/04/2020,27.9,33.1,22.8,84.43,0.04,3.87,74
07/04/2020,27.32,34.5,21.6,82.12,0.13,4.11,55
08/04/2020,28.23,35.5,22.3,81.23,0.03,4.37,47
09/04/2020,28.84,35.9,23.3,75.56,0,5.02,37
10/04/2020,28.92,35.8,22.8,71.59,0,4.9,40
11/04/2020,28.8,34.6,25.1,77.08,0,5.11,43
12/04/2020,28.9,35,25.1,79.15,0.02,4.86,38
13/04/2020,28.44,35,22.4,83.48,0.07,4.64,63
14/04/2020,29.32,34.9,25.8,72.96,0,5.84,54
15/04/2020,29.52,34.5,24.9,71.78,0,5.32,45
16/04/2020,29.57,35.2,25.2,72.1,0,4.969860602,36
17/04/2020,29.52,35.3,24.9,73.33,0,4.97,23
18/04/2020,29.39,35.5,24.7,73.23,0,5.28,46
19/04/2020,30.21,36,25,69.85,0,5.4,30
20/04/2020,30.2,36,25.6,72.43,0,5.75,83
21/04/2020,29.05,35,23.3,79.47,0.05,4.46,59
22/04/2020,29.71,36,25.8,76.15,0,5.14,65
23/04/2020,28.54,34.5,23.8,81.31,0.02,4.13,52
24/04/2020,27.5,35.2,23.3,83.52,0.08,3.95,54
25/04/2020,27.4,33,24.1,87.01,0.03,3.79,59
26/04/2020,27.49,33.7,24.6,86.39,0.01,3.99,24
27/04/2020,27.36,31,24.2,84.75,0.04,4.42,83
28/04/2020,28.52,33.3,24.5,77.96,0.01,4.29,72
29/04/2020,28.8,34.6,23,78.03,0.06,4.54,70
30/04/2020,27.62,34.1,24.3,88.12,0.15,4.36,30
01/05/2020,26.85,32,23.9,89.72,0.04,4.52,38
02/05/2020,28.47,33.1,24.9,81.97,0,4.28,45
03/05/2020,28.81,34.1,24.8,80.33,0.02,4.28,44
04/05/2020,27.88,31.8,24,87.31,0.03,4.19,92
05/05/2020,28.54,35.3,23.8,79.75,0.01,4.29,71
06/05/2020,28.41,32.5,23.6,84.34,0.03,4.45,84
07/05/2020,29.88,35.5,25.1,76.9,0,4.03,30
08/05/2020,29.09,33.9,23.7,77.43,0.1,5.05,33
09/05/2020,30.45,35.2,26.5,72.54,0,4.77,94
10/05/2020,29.5,33.8,24.6,82.1,0.03,5.54,36
11/05/2020,28.99,33.9,24.6,83.91,0.03,4.81,98
12/05/2020,29.95,35.1,25.9,79.03,0,5.13,103
13/05/2020,28.13,31.7,23.8,81.44,0.03,4.78,74
14/05/2020,29,35.3,24.5,78.84,0.01,4.37,75
15/05/2020,29.79,34.7,25.2,77.5,0,4.75,27
16/05/2020,29.96,35.2,26.5,78.07,0.01,4.65,61
17/05/2020,28.68,33.8,23.9,83.74,0.12,4.48,40
18/05/2020,29.12,34.6,25.1,79.13,0,4.29,104
19/05/2020,30.1,34.9,26.3,79.18,0.01,4.16,99
20/05/2020,28.52,33.4,23.2,81.54,0.04,4.4,77
21/05/2020,29.06,35.9,24,79.75,0.02,3.8,91
22/05/2020,27.93,34.8,22.8,84.91,0.13,3.63,57
23/05/2020,27.58,32,24.1,84.43,0.02,3.32,93
24/05/2020,29.13,34.2,25.3,78.6,0,4.11,64
25/05/2020,29.65,35,25.6,78.43,0,4.08,65
26/05/2020,29.41,35.2,24.8,78.95,0.03,3.65,151
27/05/2020,28.01,32.2,23.8,84.69,0.05,3.58,133
28/05/2020,29.21,34.7,23.4,81.14,0.04,4.52,128
29/05/2020,28.54,33.9,22.3,82.77,0.02,4.03,105
30/05/2020,28.21,34.7,23.8,83.98,0.01,3.96,92
31/05/2020,28.6,34,23,80.26,0,4.42,63
01/06/2020,26.75,30.8,22.1,86.94,0.05,4.36,142
02/06/2020,28.65,35.6,22.5,79.47,0.01,4.13,160
03/06/2020,28.89,33.7,23.5,80.18,0.01,4.4,132
04/06/2020,28.3,34.1,22.9,81.43,0.08,4.67,128
05/06/2020,27.84,32.1,22.4,82.45,0.04,5.5,64
06/06/2020,27.22,29.9,22.6,85.4,0.02,4,104
07/06/2020,29.38,34.3,24,76.98,0,4.24,120
08/06/2020,28.41,32.2,24.9,83.38,0,4.34,108
09/06/2020,28.03029936,33.21454027,23.93442623,79.45767162,0.021922261,5.17,217
10/06/2020,28.03029936,33.21454027,23.93442623,79.45767162,0.021922261,5.64,179
11/06/2020,29.51,32.8,26.7,77.85,0.01,4.32,170
12/06/2020,28.61,32.4,24.6,82.52,0.03,4.19,147
13/06/2020,25.96,29,22.6,88.79,0.09,4.24,198
14/06/2020,27.91,33.4,22.7,83.96,0.03,4.23,97
15/06/2020,29.4,33.6,23.9,78.68,0.01,4.77,187
16/06/2020,28.01,32,24.4,85.21,0.02,4.07,249
17/06/2020,26.79,30.6,23.8,88.79,0.09,3.62,221
18/06/2020,27.56,31.9,23.9,82.95,0.01,3.69,219
19/06/2020,27.91,32.7,23.8,83.52,0.01,4.32,108
20/06/2020,26.4,29.2,23.7,90.8,0.11,3.96,209
21/06/2020,26.43,28.7,23.2,90.02,0.06,3.87,101
22/06/2020,27.06,30.1,23.2,87.59,0.05,4.31,281
23/06/2020,26.37,29.3,22.5,89.95,0.22,4.79,180
24/06/2020,26.66,28.6,23.4,86.62,0.07,5.19,234
25/06/2020,28.18,32.6,23.2,78.18,0,4.83,220
26/06/2020,28.67,33,23.7,79,0,4.71,122
27/06/2020,28.95,32.7,24.9,80.69,0.01,5.57,198
28/06/2020,29.02,33.7,23.2,78.5,0.01,5.33,106
29/06/2020,29.2,33.7,25.6,77.4,0.01,5.34,211
30/06/2020,29.24,34.4,24.3,76.2,0,5.58,284
01/07/2020,28.15,32.2,22,82.38,0,4.36,229
02/07/2020,29.33,32.1,26.9,75.76,0,4.969860602,203
03/07/2020,29.44,33.6,25.7,75.7,0,4.95,173
04/07/2020,28.52,33.6,21.4,79.15,0.04,4.91,252
05/07/2020,27.62,33.9,22.4,82.47,0.03,4.3,112
06/07/2020,28.47,33.5,23.2,79.32,0.02,5.04,355
07/07/2020,27.44,32.3,23.4,83.67,0.02,4.969860602,237
08/07/2020,27.15,31.5,23.3,84.25,0.02,4.969860602,339
09/07/2020,25.77,28.4,22.7,88.87,0.08,5.05,122
10/07/2020,27.42,32.2,22.3,78.69,0,4.17,180
11/07/2020,27.55,31.6,23.4,82.84,0.01,4.14,257
12/07/2020,28.19,32.6,23.6,80.89,0.02,4.47,138
13/07/2020,25.88,30.5,22.9,88.99,0.11,4.67,334
14/07/2020,26.84,30.5,22.7,83.37,0,4.41,288
15/07/2020,27.49,32.2,23.4,84.21,0.01,4.31,279
16/07/2020,28.17,34.7,22.6,81.23,0.02,4.3,226
17/07/2020,28.85,34,23.3,77.49,0,4.28,156
18/07/2020,28.02,33.4,24.1,81.12,0,4.15,222
19/07/2020,28.49,33.5,23.5,77.62,0,4.38,135
20/07/2020,29.15,35.1,24.2,76.53,0,5.09,286
21/07/2020,29.05,34.6,24.1,76.69,0,4.69,324
22/07/2020,27.76,32,22.2,82.84,0.07,3.7,361
23/07/2020,27.62,31.5,22.7,81.36,0.02,4.02,180
24/07/2020,27.47,32.4,23,83.88,0.04,4.26,289
25/07/2020,26.99,32.1,23.2,85.92,0.03,4.23,221
26/07/2020,27.49,32.7,23.1,83.71,0.02,4.75,111
27/07/2020,26.64,31.1,22.4,87.71,0.1,4.38,207
28/07/2020,27.94,33,23.3,80.99,0,4.38,313
29/07/2020,26.15,29.6,23.3,89.4,0.03,3.87,207
30/07/2020,28.2,33.4,23.8,81.59,0,4.43,155
31/07/2020,28.11,31.7,23,79.93,0,4.77,170
01/08/2020,28.24,32.3,23.1,78.91,0,4.68,186
02/08/2020,28.83,33.3,24,75.95,0,4.82,99
03/08/2020,29.29,33.8,24.8,73.62,0,4.969860602,336
04/08/2020,27.68,30.6,23,79.53,0,4.68,230
05/08/2020,28.77,33.4,24.2,78.75,0,4.59,277
06/08/2020,29.23,34,25.2,79.14,0,4.12,199
07/08/2020,29.52,34.9,24.7,78.21,0,4.69,155
08/08/2020,29.8,34.8,26.2,76.07,0,4.66,243
09/08/2020,29.85,35.4,25.6,78.57,0,4.49,107
10/08/2020,29.91,35,26.8,77.11,0,5.08,124
11/08/2020,29.82,34.6,27.1,78.12,0,4.66,293
12/08/2020,27.72,32.5,21.6,81.24,0.02,4.28,217
13/08/2020,28.38,33.4,22.5,74.25,0.13,4.1,233
14/08/2020,25.96,29.3,22.1,87.84,0.13,3.85,200
15/08/2020,27.59,33.2,23.4,83.46,0.02,3.59,205
16/08/2020,27.84,32.3,22.7,80.69,0,4.08,107
17/08/2020,27.19,32.7,22.7,84.32,0.09,3.7,263
18/08/2020,27.13,30.7,23.6,83.85,0.01,4.04,169
19/08/2020,27.94,33.2,23,80.99,0.01,3.82,232
20/08/2020,28.08,33.2,23.8,82.59,0.01,4.63,154
21/08/2020,29.44,34.3,25.9,74.11,0,5.4,135
22/08/2020,27.74,33.4,22,81.38,0.04,4.44,123
23/08/2020,25.55,29.3,22.4,91.22,0.05,3.7,101
24/08/2020,28.11,34.4,22.7,80.32,0,4.73,210
25/08/2020,27.8,32.2,24.2,80.75,0,4.43,190
26/08/2020,27.15,32.5,23.6,79.89,0.02,4.93,193
27/08/2020,27.85,31.9,22.9,78.13,0,4.46,183
28/08/2020,28.77,33.2,23.2,71.74,0.01,4.72,94
29/08/2020,27.24,32.4,24.3,84.65,0.03,4.05,127
30/08/2020,28.62,34,23.9,77.79,0.01,4.58,72
31/08/2020,29.06,33.7,24.6,76.04,0,4.86,217
01/09/2020,28.57,33.5,24.2,79.82,0.02,4.5,160
02/09/2020,28.52,33.3,24.5,79.74,0.01,4.36,140
03/09/2020,26.94,31.4,23.3,87.31,0.05,3.58,127
04/09/2020,27.39,32.3,23.8,84.92,0.02,4.25,76
05/09/2020,25.48,28.3,23,89.19,0.11,4.21,102
06/09/2020,26.55,32.3,22.8,86.17,0.05,4.05,51
07/09/2020,28.15,33.6,23.2,79.17,0,4.83,155
08/09/2020,28.19,33.2,23.8,80.4,0.01,4.73,155
09/09/2020,28.24,33.5,24.4,80.33,0.01,3.9,99
10/09/2020,27.18,32,22.9,83.62,0.06,4.32,110
11/09/2020,27.57,32.7,22.8,79.02,0.06,4.53,54
12/09/2020,26.05,31.6,22.4,87.2,0.06,3.85,60
13/09/2020,24.81,28.3,22,90.43,0.1,3.89,44
14/09/2020,25.57,29.8,22.1,89.68,0.04,3.8,142
15/09/2020,27.61,32.3,22.9,82.67,0,3.97,124
16/09/2020,26.63,31.3,21,80.22,0.06,4.75,89
17/09/2020,28.07,34.1,23,78.69,0,4.54,102
18/09/2020,28.82,35,23.7,75.68,0,4.96,80
19/09/2020,28.33,35,22.5,75.24,0.04,4.78,72
20/09/2020,28.77,33,24.9,78.98,0,4.37,35
21/09/2020,26.3,30.8,23.3,88.67,0.02,4.29,151
22/09/2020,27.61,33.3,23.6,81.98,0,4.43,111
23/09/2020,28.77,34.6,23.8,77.6,0,3.93,86
24/09/2020,28.34,33.3,23.9,78.56,0.02,4.74,80
25/09/2020,28.8,34.6,22.5,75.43,0.08,4.12,41
26/09/2020,25.93,29.3,22.3,86.55,0.14,4.87,53
27/09/2020,26.48,30,22.3,83.96,0.02,4.74,48
28/09/2020,28.46,33.5,24.9,78.59,0,4.4,107
29/09/2020,27.42,31.1,22.9,84.77,0.02,4.17,123
30/09/2020,27.95,34.5,24.5,84.23,0.03,4.18,102
01/10/2020,26.69,31.1,23.6,89,0.04,3.44,78
02/10/2020,27.79,33,22.7,82.17,0.04,4.22,58
03/10/2020,27.56,33.2,22.6,77.03,0.02,5.66,59
04/10/2020,28.62,31.7,25,73.95,0,3.88,33
05/10/2020,29.03,34.8,25.6,75.32,0,3.55,104
06/10/2020,28.66,33.8,25.6,78.62,0,4.29,87
07/10/2020,28.16,33.3,23.8,78.56,0.02,4.99,90
08/10/2020,27.08,33.2,23.4,84.75,0.06,5.33,66
09/10/2020,27.97,31,25.6,78.82,0,4.42,47
10/10/2020,27.59,30.2,23.1,82.3,0.04,4.23,74
11/10/2020,27.6,31.9,22.9,79.4,0.02,5.29,48
12/10/2020,28.38,31.5,25.7,76.84,0,6.19,98
13/10/2020,29.08,32.7,25,71.02,0,4.27,114
14/10/2020,28.83,32.8,23.2,77.57,0.02,4.38,99
15/10/2020,28.49,33.2,23.8,76.11,0.02,4.92,67
16/10/2020,29.1,34.2,23.8,72.32,0,4.62,60
17/10/2020,29.74,34.8,25.8,75.79,0,4.21,72
18/10/2020,28.29,33.6,22.5,81.98,0.01,4.18,53
19/10/2020,28.79,34.3,24.4,74.74,0,4.26,97
20/10/2020,27.9,31.2,23.5,83.81,0.01,3.5,116
21/10/2020,28.83,34.6,24.1,76.72,0.01,4.969860602,77
22/10/2020,27.11,31.6,22.9,81.98,0.04,5.48,81
23/10/2020,28.76,33.1,25.9,78.18,0,4.08,43
24/10/2020,27.92,31.7,24.2,83.35,0.01,3.36,74
25/10/2020,28.25,33.7,22.2,75.58,0.02,4.67,33
26/10/2020,27.4,30,23.2,83.09,0.03,3.69,91
27/10/2020,29.45,34.4,25,74.26,0,4.47,75
28/10/2020,27.89,29.8,23.1,85.48,0.04,3.31,74
29/10/2020,28.44,33.3,25.5,81.77,0,4.4,69
30/10/2020,28.68,34.1,24.8,78.78,0,3.95,38
31/10/2020,27.45,34.8,22.6,84.75,0.11,3.92,37
01/11/2020,27.86,33.4,24.1,80.37,0,4.85,25
02/11/2020,27.22,33.9,22.5,82.79,0.09,4.13,83
03/11/2020,27.57,31.7,24.4,86.62,0.01,3.37,73
04/11/2020,25.55,28.5,22.9,90.72,0.12,3.42,61
05/11/2020,28.06,34.9,23.9,76.87,0,3.67,54
06/11/2020,28.98,34.1,25.2,76.31,0,3.59,44
07/11/2020,25.97,29.5,23,92,0.11,3.63,47
08/11/2020,26.4,30.2,23.4,89.12,0.03,3.68,29
09/11/2020,26.91,31.3,24,87.17,0.01,3.79,79
10/11/2020,27.15,31.3,23.5,85.56,0.03,3.27,40
11/11/2020,28.66,33.2,24,78.22,0,3.96,71
12/11/2020,29.59,35.6,25.7,74.45,0.01,5.29,38
13/11/2020,29.13,34.5,25.1,77.77,0.01,4.81,45
14/11/2020,28.07,33.3,23.5,82.99,0.02,4.15,26
15/11/2020,27.22,33.1,22.8,87.2,0.12,4.71,22
16/11/2020,27.82,33.3,24.3,79.92,0.02,5.36,61
17/11/2020,27.19,33.7,23.5,84.78,0.04,3.95,43
18/11/2020,28.34,33.9,24.3,78.22,0,3.71,33
19/11/2020,27.52,32.3,24.1,84.7,0.03,3.42,34
20/11/2020,27.45,34.6,23.6,85.14,0.02,3.53,29
21/11/2020,26.6,33.6,23.4,87.99,0.09,3.91,22
22/11/2020,26.19,33.8,22.8,88.24,0.15,3.82,21
23/11/2020,25.84,30.7,23,90.74,0.08,3.66,55
24/11/2020,25.95,29.9,23.8,89.35,0,3.57,50
25/11/2020,26.55,31.5,23.5,86.95,0.01,4.05,48
26/11/2020,26.22,28.3,24.2,90.36,0.01,3.57,29
27/11/2020,27.44,32.6,24.6,86.17,0,4.01,20
